INSERT INTO school(id, location, name) values (1,'Bauru, Guarantinguetá e Jaboticabal (SP)', 'CTI');
INSERT INTO test(id, name, year, school_id) values (17, 'cti2019', 2019, 1);

INSERT INTO school(id, location, name) values (2,'Campinas (SP)', 'Cotuca');
INSERT INTO test(id, name, year, school_id) values (12, 'cotuca2020', 2020, 2);
INSERT INTO test(id, name, year, school_id) values (13, 'cotuca2019', 2019, 2);
INSERT INTO test(id, name, year, school_id) values (14, 'cotuca2018', 2018, 2);
INSERT INTO test(id, name, year, school_id) values (15, 'cotuca2017', 2017, 2);
INSERT INTO test(id, name, year, school_id) values (16, 'cotuca2016', 2016, 2);

INSERT INTO question(id, answer, images, options, subtitle, initial_text, text, number, test_id) values (628, '', '', '||A:A Shiru Cafe especializouse em servir cafés, chás,  sucos e wifi  sem  custo  aos  clientes  recêmcontratados  pelas  empresas com as quais a rede tem parceria.#@||B:Os frequentadores do Shiru Cafe recebem bebidas gratuítas no momento em que seus dados pessoais são divulgados pelo estabelecimento.#@||C:A Shiru Cafe coleta dados pessoais de alunos de  algumas universidades, em troca de bebidas de graça, para fornecer esses dados a empresas patrocinadoras da rede.#@||D:Os  estudantes  e  professores  universitários  que  tomam  bebida  grátis  e  acessam  a  rede  wifi  no  Shiru  Cafe  tem  seus dados pessoais divulgados a terceiros.#@', '', '', 'Uma  frase  condizente  com  as  informações  do  texto  e  escrita  em conformidade com a normapadrão da língua portuguesa é:', '1', 17);
INSERT INTO question(id, answer, images, options, subtitle, initial_text, text, number, test_id) values (629, '', '', '||A:opiniões  que  divergem  entre  si  sobre  o  que  foi  dito  da  rede Shiru Cafe.#@||B:comentários sem relação com o que se informou sobre a rede Shiru Cafe.#@||C:pontos de vista concordantes acerca de aspectos positivos da rede Shiru Cafe.#@||D:ideias que se anulam mutuamente ao criticar a iniciativa da rede Shiru Cafe.#@', '', '', 'No último parágrafo do texto, expõemse', '2', 17);
INSERT INTO question(id, answer, images, options, subtitle, initial_text, text, number, test_id) values (630, '', '', '||A:idealista.#@||B:irregular.#@||C:inevitável.#@||D:infalível.#@', '', '', 'Um sinônimo para a palavra indiscriminado (5o parágrafo) é:', '3', 17);
INSERT INTO question(id, answer, images, options, subtitle, initial_text, text, number, test_id) values (631, '', '', '||A:estudantes da Universidade Brown.#@||B:clientes das 28 lojas da Shiru Cafe.#@||C:funcionários da Shiru Cafe e entusiastas dessa novidade.#@||D:frequentadores  das  diferentes  universidades  em  que  a  Shiru Cafe atua.#@', '', '', 'Considerando  o  contexto,  o  vocábulo  aqueles,  no  quinto   parágrafo – “Finalmente, há aqueles que...” –, referese a', '4', 17);
INSERT INTO question(id, answer, images, options, subtitle, initial_text, text, number, test_id) values (632, '', '', '||A:...  o  sonho  virou  realidade  com  a  rede  Shiru  Café...   (1o parágrafo)#@||B:... os estudantes devem concordar em compartilhar seus dados pessoais... (2o parágrafo)#@||C:...  o  objetivo  todo  é  conectar  os  estudantes  a  possíveis  empregadores. (4o parágrafo)#@||D:... dados pessoais estão sendo coletados a todo instante por diferentes companhias... (5o parágrafo)#@', '', '', 'O vocábulo que introduz o agente da ação está destacado em:', '5', 17);
INSERT INTO question(id, answer, images, options, subtitle, initial_text, text, number, test_id) values (633, '', '', '||A:... o sonho virou realidade com a rede Shiru Cafe. / ... o sonho transformouse a realidade com a rede Shiru Cafe. (1o parágrafo)#@||B:... o tamanho de empresa que estaria interessado em trabalhar. / ... o tamanho de empresa em que estaria interessado em trabalhar. (3o parágrafo)#@||C:... pessoas não filiadas a uma escola não são bemvindas no Shiru... / ... pessoas não filiadas perante uma escola não são benquista no Shiru... (3o parágrafo)#@||D:...  gerou  algumas  controvérsias  entre  os  estudantes.  /  ... gerou algumas controvérsias de entre os estudantes.  (4o parágrafo)#@', '', '', 'Uma construção própria de uma variante popular da língua portuguesa encontra sua reescrita conforme a normapadrão em:', '6', 17);
INSERT INTO question(id, answer, images, options, subtitle, initial_text, text, number, test_id) values (634, '', '', '||A:A  oferta  de  bebidas  gratuitas  atraem  vários  estudantes  para o Shiru Cafe.#@||B:Tomar bebidas sem precisar pagar por elas interessam a muitos estudantes.#@||C:O aluno que quiser receber a bebida de graça respondem a algumas perguntas.#@||D:Os frequentadores do Shiru Cafe dispõem de wifi de graça dentro da loja.#@', '', '', 'A concordância está em conformidade com a normapadrão em:', '7', 17);
INSERT INTO question(id, answer, images, options, subtitle, initial_text, text, number, test_id) values (635, '', '', '||A:metalinguística e fática.#@||B:emotiva e apelativa.#@||C:referencial e fática.#@||D:referencial e apelativa.#@', '', '', 'Considere o cartaz.(http://portalarquivos2.saude.gov.br)Predominam, no cartaz, as seguintes funções da linguagem:', '8', 17);
INSERT INTO question(id, answer, images, options, subtitle, initial_text, text, number, test_id) values (636, '', '', '||A:da antítese.#@||B:da personificação.#@||C:do pleonasmo.#@||D:do eufemismo.#@', '', '', 'Nesse texto, a descrição de uma cômoda é feita por meio do uso', '9', 17);
INSERT INTO question(id, answer, images, options, subtitle, initial_text, text, number, test_id) values (637, '', '', '||A:Em 1, o sujeito é indeterminado e o predicado é verbal; em 2, o sujeito é oculto e o predicado é verbonominal.#@||B:Em 1, o sujeito é oculto e o predicado é verbal; em 2, o sujeito é simples e o predicado é nominal.#@||C:Em  1,  o  sujeito  é  indeterminado  e  o  predicado  é  verbo--nominal;  em  2,  o  sujeito  é  simples  e  o  predicado  é  nominal.#@||D:Em 1, o sujeito é oculto e o predicado é verbal; em 2, o sujeito é indeterminado e o predicado é nominal.#@', '', '', 'Considere as orações:1.   Nas gavetas guarda coisas de outros tempos, só para si.2.   Foi sempre assim, dona Cômoda: gorda, fechada, egoísta.Assinale a alternativa correta:', '10', 17);
INSERT INTO question(id, answer, images, options, subtitle, initial_text, text, number, test_id) values (638, '', '', '||A:sátira bemhumorada do comportamento consumista.#@||B:crítica  indignada  contra  os  estudos  acerca  dos  hábitos  consumistas.#@||C:reflexão melancólica sobre a origem do consumismo.#@||D:explicação do impacto do consumismo sobre a desigualdade.Leia  o  poema  de  Cecília  Meireles  para  responder  às  questões de números 12 e 13.Ou isto ou aquiloOu se tem chuva e não se tem solou se tem sol e não se tem chuva!Ou se calça a luva e não se põe o anel,ou se põe o anel e não se calça a luva!Quem sobe nos ares não fica no chão,quem fica no chão não sobe nos ares.É uma grande pena que não se possaestar ao mesmo tempo em dois lugares!Ou guardo o dinheiro e não compro o doce,ou compro o doce e gasto o dinheiro.Ou isto ou aquilo: ou isto ou aquilo...e vivo escolhendo o dia inteiro!Não sei se brinco, não sei se estudo,se saio correndo ou fico tranquilo.Mas não consegui entender aindaqual é melhor: se é isto ou aquilo.(Ou isto ou aquilo. São Paulo, Global, 2012)#@', '', '', 'Considere o cartum.(Adão Iturrusgarai. A vida como ela é. www.folha.uol.com.br, 23.01.2018)O cartum apresenta uma', '11', 17);
INSERT INTO question(id, answer, images, options, subtitle, initial_text, text, number, test_id) values (639, '', '', '||A:Ou se tem chuva e não se tem sol / ou se tem sol e não se tem chuva!#@||B:Quem  sobe  nos  ares  não  fica  no  chão,  /  quem  fica  no  chão não sobe nos ares.#@||C:Ou isto ou aquilo: ou isto ou aquilo... / e vivo escolhendo o dia inteiro!#@||D:Não sei se brinco, não sei se estudo, / se saio correndo ou fico tranquilo.#@', '', '', 'O conteúdo do poema está resumido em', '12', 17);
INSERT INTO question(id, answer, images, options, subtitle, initial_text, text, number, test_id) values (640, '', '', '||A:adição.#@||B:causa.#@||C:exclusão.#@||D:proporção.#@', '', '', 'O vocábulo “ou” estabelece, no poema, relação de', '13', 17);
INSERT INTO question(id, answer, images, options, subtitle, initial_text, text, number, test_id) values (641, '', '', '||A:Muitas  situações  nos  mantém  indecisos,  porque  tendemos a querer tudo de uma só vez.#@||B:Não  seria  ótimo  se  nós  podéssemos  estar  em  mais  de  um lugar ao mesmo tempo?#@||C:Se dizermos que é fácil decidir entre economizar ou gastar talvez estejamos enganados.#@||D:É improvável que fiquemos plenamente satisfeitos ao escolher só uma diversão entre tantas.#@', '', '', 'Assinale a alternativa em que todos os verbos estão empregados em conformidade com a normapadrão da língua.', '14', 17);
INSERT INTO question(id, answer, images, options, subtitle, initial_text, text, number, test_id) values (642, '', '', '||A:Prefiro brincar à estudar, embora estudar também possa ser divertido.#@||B:Ele  chegou  à  conclusão  de  que  era  melhor  buscar  um  segundo parecer.#@||C:Nem sempre é simples chegar à uma decisão que todos aprovem.#@||D:É sempre bom pedir conselho à alguma pessoa mais experiente.#@', '', '', 'O sinal indicativo de crase está empregado corretamente em', '15', 17);
INSERT INTO question(id, answer, images, options, subtitle, initial_text, text, number, test_id) values (643, '', '', '||A:29.#@||B:30.#@||C:31.#@||D:32.#@', '', '', 'Um rolo tem 3,69 m de uma fita usada para ornamentar pacotes. Essa fita é composta por uma sequência de quadrados de  cores  distintas,  que  se  repetem  obedecendo  sempre  a  mesma ordem de cores, conforme mostra a figura.Sabendose  que  o  quadrado  inicial  é  vermelho,  e  que  cada  quadrado tem 3 cm de lado, é correto afirmar que o número de quadrados verdes nessa fita é', '16', 17);
INSERT INTO question(id, answer, images, options, subtitle, initial_text, text, number, test_id) values (644, '', '', '||A:45.#@||B:48.#@||C:53.#@||D:59.#@', '', '', 'Na divisão de um número natural n por x, obtêmse quociente 7  e  resto  3.  Na  divisão  desse  mesmo  número  natural  n  por  10, obtêmse quociente 5 e resto y. Se y = x + 1, então valor de n é', '17', 17);
INSERT INTO question(id, answer, images, options, subtitle, initial_text, text, number, test_id) values (645, '', '', '||A:R$ 300 mil#@||B:R$ 375 mil.#@||C:R$ 425 mil.#@||D:R$ 450 mil.#@', '', '', 'André  comprou  uma  casa  por  um  determinado  valor.  Como  entrada, ele deu R$ 60 mil, em dinheiro, e mais um terreno, cujo valor representou  do valor da casa. Sabendose que o valor total da entrada foi igual a  do valor da compra, é correto afirmar que o valor da compra da casa foi de', '18', 17);
INSERT INTO question(id, answer, images, options, subtitle, initial_text, text, number, test_id) values (646, '', '', '||A:20 dias.#@||B:18 dias.#@||C:16 dias.#@||D:14 dias.#@', '', '', 'Em uma empresa, 10 máquinas iguais, de mesmo rendimento,  trabalhando  de  forma  simultânea  e  ininterrupta,  produziram  um  lote  de  certa  peça  em  8  dias.  Para  a  produção  de  um  segundo  lote  da  mesma  peça,  idêntico  ao  primeiro,  foi  possível utilizar somente 4 das mesmas máquinas que, trabalhando  de  forma  simultânea  e  ininterrupta,  concluíram  a  produção desse lote em', '19', 17);
INSERT INTO question(id, answer, images, options, subtitle, initial_text, text, number, test_id) values (647, '', '', '||A:40%.#@||B:44%#@||C:50%.#@||D:56%.#@', '', '', 'Em uma negociação para a venda de grande quantidade de certo produto, com pagamento à vista, uma empresa ofereceu  a  um  atacadista  dois  descontos  sucessivos  de  20%  e  30% sobre o preço unitário P, original desse produto. Os dois descontos  dados  a  esse  cliente  equivalem  a  um  desconto  único, dado sobre P, de', '20', 17);
INSERT INTO question(id, answer, images, options, subtitle, initial_text, text, number, test_id) values (648, '', '', '||A:R$ 118,00.#@||B:R$ 122,00.#@||C:R$ 129,00.#@||D:R$ 135,00.#@', '', '', 'A tabela relaciona o número de unidades de um mesmo produto  X,  de  preços  unitários  iguais,  e  o  número  de  unidade  de um mesmo produto Y, de preços unitários iguais, que os consumidores A, B e C compraram em um supermercado, e o valor total que dois desses consumidores pagaram na compra desses produtos.ConsumidorProduto X(no de  unidades)Produto Y(no de  unidades)Valor total(em reais)A4290,00B72------C92155,00De  acordo  com  as  informações  dadas,  o  valor  total  que  o  consumidor B pagou nessa compra foi', '21', 17);
INSERT INTO question(id, answer, images, options, subtitle, initial_text, text, number, test_id) values (649, '', '', '||A:12%#@||B:13,5%.#@||C:15%.#@||D:16,5%.#@', '', '', 'Um certo capital, cujo valor, em reais, é representado por x, foi  aplicado  durante  16  meses  e  o  montante  recebido  pelo    investidor,  ao  final  da  aplicação,  foi  igual  a  1,18  x.  A  taxa   anual de juros simples dessa aplicação foi de', '22', 17);
INSERT INTO question(id, answer, images, options, subtitle, initial_text, text, number, test_id) values (650, '', '', '||A:150.#@||B:200.#@||C:240.#@||D:320.#@', '', '', 'No depósito de uma livraria há pacotes P, com 8 unidades de certo livro em cada um, e pacotes Q, com 5 unidades desse mesmo  livro  em  cada  um,  num  total  de  70  pacotes  e  470  livros. A quantidade de livros contida em todos os pacotes P é igual a', '23', 17);
INSERT INTO question(id, answer, images, options, subtitle, initial_text, text, number, test_id) values (651, '', '', '||A:20 m.#@||B:22 m.#@||C:24 m.#@||D:26 m.#@', '', '', 'Um projeto para uma residência determina que a área construída  deverá  ocupar    da  área  total  do  terreno,  que  tem  formato de um quadrilátero regular. Da área restante,  será ocupado por uma piscina, e ainda sobrarão 120 m2 para outros fins. A medida do lado desse terreno é', '24', 17);
INSERT INTO question(id, answer, images, options, subtitle, initial_text, text, number, test_id) values (652, '', '', '||A:15 cm.#@||B:12 cm.#@||C:10 cm.#@||D:8 cm.#@', '', '', 'Um espelho quadrado, de área igual a 6 400 cm2, é totalmente contornado por uma moldura de largura constante, indicada por x na figura, cujo perímetro, determinado pelo lado L, mede 440 cm.A medida da largura dessa moldura, indicada por x na figura, é igual a', '25', 17);
INSERT INTO question(id, answer, images, options, subtitle, initial_text, text, number, test_id) values (653, '', '', '||A:68º.#@||B:64º.#@||C:54º.#@||D:48º.#@', '', '', 'Na figura, o quadrilátero ABCD é um trapézio retângulo, e o segmento AE é bissetriz do ângulo agudo .A medida do ângulo , indicado por α na figura, é', '26', 17);
INSERT INTO question(id, answer, images, options, subtitle, initial_text, text, number, test_id) values (654, '', '', '||A:280 m.#@||B:290 m.#@||C:300 m.#@||D:320 m.#@', '', '', 'Na  figura,  o  retângulo  ABCD,  formado  por  seis  retângulos  congruentes, representa uma praça. A linha em vermelho determina  o  percurso  feito  por  Tiago  para  ir  do  ponto  A  até  o  ponto C dessa praça.Para fazer o percurso indicado na figura Tiago percorreu um total de', '27', 17);
INSERT INTO question(id, answer, images, options, subtitle, initial_text, text, number, test_id) values (655, '', '', '||A:#@||B:#@||C:#@||D:#@', '', '', 'Após    simplificada    corretamente,    a    fração    algébrica    , sendo x ≠ 0 e y ≠ 0, será representada, nasua forma mais simples, por', '28', 17);
INSERT INTO question(id, answer, images, options, subtitle, initial_text, text, number, test_id) values (656, '', '', '||A:8.#@||B:10.#@||C:12.#@||D:15.#@', '', '', 'Mariana sabe que (2x + y)2 – 6xy – (x – y)2 = 300. A partir desse conhecimento, concluiu que o valor positivo de x é', '29', 17);
INSERT INTO question(id, answer, images, options, subtitle, initial_text, text, number, test_id) values (657, '', '', '||A:a(a – b)#@||B:(a – b)#@||C:a2 – b2#@||D:a2 + b2rascunho#@', '', '', 'Uma folha retangular teve uma região pintada em azul, conforme mostra a figura.A área da região pintada em azul é corretamente representada pelo polinômio', '30', 17);
INSERT INTO question(id, answer, images, options, subtitle, initial_text, text, number, test_id) values (658, '', '', '||A:B é a mais resistente à Ampicilina.#@||B:C é a menos resistente à Tetraciclina.#@||C:A é a menos resistente à Piperaciclina.#@||D:B é a mais resistente à Cefoperazona.#@', '', '', 'As  bactérias  A,  B  e  C  foram  avaliadas  de  acordo  com  sua  r esistência a 8 tipos de antibióticos. Em cada tipo de antibiótico, as bactérias foram classificadas de 1 a 6, conforme o grau crescente de sua resistência, ou seja, o valor de 1 corresponde à  baixa  resistência  ao  antibiótico,  enquanto  o  valor  6  corresponde à elevada resistência ao antibiótico, conforme podese observar na figura a seguir.De  acordo  com  essa  classificação,  é  correto  afirmar  que  a  bactéria', '31', 17);
INSERT INTO question(id, answer, images, options, subtitle, initial_text, text, number, test_id) values (659, '', '', '||A:do  efeito  estufa,  provocado  pelo  acúmulo  de  carbono  na  atmosfera,  uma  vez  que  a  floresta  é  capaz  de  fixar   carbono.#@||B:da camada de ozônio, pois seu desmatamento promove a liberação na atmosfera de dióxido de carbono.#@||C:da eutrofização das águas, decorrente da dissolução nos rios do excesso de dióxido de carbono.#@||D:dos resíduos sólidos, decorrentes da liberação do dióxido de carbono devido aos desmatamentos por queimadas.#@', '', '', 'Em 2017, aproximadamente 6 634 km2 de floresta foram desmatados no Brasil, reduzindo a capacidade de sequestro de carbono realizado por ela. O desmatamento da floresta compromete o mecanismo de regulação', '32', 17);
INSERT INTO question(id, answer, images, options, subtitle, initial_text, text, number, test_id) values (660, '', '', '||A:podem  causar  danos  ao  organismo  e  dependência  do  seu uso pelas pessoas.#@||B:podem ser usadas pelas pessoas sem nenhum prejuízo para seus organismos.#@||C:são  aquelas  vendidas  exclusivamente  em  farmácias  e  com receitas médicas.#@||D:são  substâncias  que  não  alteram  o  comportamento  do  indivíduo.#@', '', '', 'O  cigarro,  as  bebidas  alcoólicas,  os  remédios  para  reduzir  o  apetite  e  a  ansiedade  são  drogas  classificadas  como  lícitas,  isto é, as leis não proíbem seu uso pelos adultos. Já a cocaína, a maconha e o crack são drogas ilícitas, pois, a sociedade não permite seu uso pelas pessoas. As drogas lícitas', '33', 17);
INSERT INTO question(id, answer, images, options, subtitle, initial_text, text, number, test_id) values (661, '', '', '||A:maior permanência da planta no solo, fazendo com que ela fixe mais carbono em seu caule.#@||B:dispensa da realização de queimadas em  diversas situações, reduzindo os gases de efeito estufa e material particulado.#@||C:substituição  dos  combustíveis  fósseis  por  biocombustíveis das máquinas que trabalham na colheita.#@||D:capacidade do maquinário evitar processos erosivos que aumentam a produção de material particulado.#@', '', '', 'A  mecanização  da  colheita  de  canadeaçúcar  diminui  a  emissão de gases de efeito estufa na atmosfera devido à', '34', 17);
INSERT INTO question(id, answer, images, options, subtitle, initial_text, text, number, test_id) values (662, '', '', '||A:a ovulação, o encontro do espermatozoide com o óvulo e a implantação do zigoto no útero.#@||B:o encontro do espermatozoide com o óvulo, a fixação do zigoto no útero e a ovulação.#@||C:a fixação do óvulo no útero, a produção de espermatozoide e a produção de óvulos.#@||D:o encontro do espermatozoide com o óvulo, a produção de sêmen e a fixação do óvulo no útero.ciências naturais#@', '', '', 'Os métodos contraceptivos humanos como a pílula anticoncepcional, a vasectomia e o dispositivo intrauterino não medicado (DIU) impedem, respectivamente,', '35', 17);
INSERT INTO question(id, answer, images, options, subtitle, initial_text, text, number, test_id) values (663, '', '', '||A:uma manutenção da quantidade de matéria orgânica lançada no curso d’água ao longo do tempo.#@||B:uma diminuição das bactérias aeróbicas que decompõem a matéria orgânica, consumindo o gás oxigênio.#@||C:uma diminuição na demanda de gás oxigênio dissolvido para decompor a matéria orgânica.#@||D:um  aumento  pela  demanda  de  gás  oxigênio  dissolvido  para decompor a matéria orgânica.#@', '', '', 'O  gráfico  a  seguir  apresenta  a  variação  dos  parâmetros  de  DBO e oxigênio dissolvido em um curso d’água após o lançamento pontual de matéria orgânica por uma tubulação de esgoto.(Revista da Biologia, www.ib.usp.br/revista. Adaptada)Sabendo que DBO é a Demanda Bioquímica de Oxigênio e corresponde à quantidade de gás oxigênio necessária para a decomposição desta matéria orgânica, é correto afirmar que após o lançamento ocorre', '36', 17);
INSERT INTO question(id, answer, images, options, subtitle, initial_text, text, number, test_id) values (664, '', '', '||A:atmosféricos na geração de gases do efeito estufa.#@||B:na camada de ozônio devido à diminuição da velocidade dos ventos.#@||C:visuais  e  sonoros  devido  às  dimensões  e  ao  ruído  das  turbinas.#@||D:no solo e nas aves devido às dimensões das hélices das turbinas.#@', '', '', 'A figura a seguir ilustra a evolução no tamanho dos aerogeradores utilizados na geração de energia elétrica.(Disponível em: http://dadosenergeticos.energia.sp.gov.br. Adaptada)Embora  a  energia  eólica  seja  considerada  uma  das  mais  limpas,  a  instalação  de  parques  eólicos  provoca  impactos  ambientais', '37', 17);
INSERT INTO question(id, answer, images, options, subtitle, initial_text, text, number, test_id) values (665, '', '', '||A:da execução de curvas de nível e controle do escoamento superficial promovido pelas chuvas.#@||B:do aumento da concentração de compostos, como nitrogênio, fósforo e potássio pela adubação direta.#@||C:da  construção  de  barreiras  físicas  como  cercas  vivas,  evitando a erosão eólica e a erosão pluvial.#@||D:da  rotação  de  culturas,  permitindo  que  em  épocas  de  chuvas o solo fique exposto.#@', '', '', 'Um dos principais problemas relacionados à agricultura convencional  referese  à  perda  de  solos  agricultáveis  devido  à  erosão  laminar,  que  corresponde  à  remoção  das  camadas  superficiais do solo, empobrecendoo gradualmente.Esse problema pode ser mitigado por meio', '38', 17);
INSERT INTO question(id, answer, images, options, subtitle, initial_text, text, number, test_id) values (666, '', '', '||A:princípio termodinâmico.#@||B:princípio da inércia.#@||C:atrito do balão com a água.#@||D:princípio da ação e reação.#@', '', '', 'A  fotografia  retrata  um  balão  cheio  de  água  no  instante  em  que ele é perfurado.(Disponível em: https://educacao.umcomo.com.br/artigo/ oqueeinercia-4157.html)É possível notar que o fluido permanece pelo menos por um instante, no mesmo formato do balão. Esse fato pode ser justificado por meio do', '39', 17);
INSERT INTO question(id, answer, images, options, subtitle, initial_text, text, number, test_id) values (667, '', '', '||A:o aumento do peso específico dos elementos.#@||B:a diminuição da temperatura do ponto de fusão.#@||C:temperaturas decrescentes do ponto de ebulição.#@||D:temperaturas crescentes do ponto de ebulição.#@', '', '', 'O  petróleo  bruto,  por  se  tratar  de  uma  mistura  homogênea,  necessita de um processo de destilação fracionada na refinaria para separar seus diversos componentes, conforme apresentado a seguir.(Disponível em: https://diariodopresal.wordpress.com/oqueeopresal/torredefracionamentodepetroleo-2/. Adaptado)O fluxo ascendente na torre de destilação indica', '40', 17);
INSERT INTO question(id, answer, images, options, subtitle, initial_text, text, number, test_id) values (668, '', '', '||A:garrafas de vidro, folhas de caderno e pilhas.#@||B:papel carbono, latas de alumínio e madeira.#@||C:pneus, caixas de papelão e espelhos de vidro.#@||D:remédios, espelhos de vidro e guardanapos usados.#@', '', '', 'No  Brasil,  a  Política  Nacional  de  Resíduos  Sólidos  busca diminuir a geração de resíduos, adotando princípios de redução,  reutilização  e  reciclagem.  Porém,  por  questões  técnicas, nem todos os materiais descartados por pessoas ou indústrias podem passar pelo processo de reciclagem.Desse  modo,  os  materiais  que  não  são  recicláveis  correspondem a', '41', 17);
INSERT INTO question(id, answer, images, options, subtitle, initial_text, text, number, test_id) values (669, '', '', '||A:1 050  g.#@||B:1 500  g.#@||C:1 800  g.#@||D:2 100  g.#@', '', '', 'Lívia  colocou  um  litro  de  água  (1  000  cm3)  em  um  copo  e  mediu o nível de água (situação A). Depois ela colocou uma estrela maciça de prata no copo e mediu novamente o nível de água (situação B). A massa de um centímetro cúbico de prata é 10,5 g. A massa dessa estrela é', '42', 17);
INSERT INTO question(id, answer, images, options, subtitle, initial_text, text, number, test_id) values (670, '', '', '||A:9,37.#@||B:10,71.#@||C:11,34.#@||D:15,00.#@', '', '', 'A  figura  a  seguir  ilustra  o  comportamento  de  uma  partícula  de sujeira presente na água ao decantar em uma estação de tratamento de água.A  velocidade  média  de  sedimentação,  em  módulo,  dessa  partícula em milímetros por segundo entre os instantes 42 e  112 segundos é de', '43', 17);
INSERT INTO question(id, answer, images, options, subtitle, initial_text, text, number, test_id) values (671, '', '', '||A:térmica  do  movimento  de  rotação  do  parafuso,  o  que  a  umenta sua energia potencial.#@||B:potencial  do  movimento  do  parafuso,  o  que  permite  a  umentar sua energia cinética.#@||C:cinética   do   movimento   do   parafuso,   o   que   permite   a  umentar sua energia potencial.#@||D:proveniente da pressão atmosférica do movimento, o que eleva sua energia potencial.#@', '', '', 'A ilustração apresenta a bomba parafuso de Arquimedes, que corresponde a um grande parafuso (helicoide) que funciona de forma inclinada (plano inclinado) e gira movendo o fluido para a extremidade oposta do parafuso.(Disponível em: https://pt.depositphotos.com/77485664/ stockillustrationarchimedesscrew.html. Adaptado)A água ao passar pela bomba recebe energia', '44', 17);
INSERT INTO question(id, answer, images, options, subtitle, initial_text, text, number, test_id) values (672, '', '', '||A:para  prevenila,  devese  evitar  compartilhar  talheres  e  roupas íntimas com pessoas portadoras da doença.#@||B:pacientes com essa doença podem manifestar infecções secundárias em função da debilidade do sistema imunológico.#@||C:os  coquetéis  antiretrovirais  ao  destruir  a  parede  celular  dos  vírus,  diminuem  a  possibilidade  de  transmissão  da  doença.#@||D:o  tempo  entre  a  infecção,  ou  seja,  contato  com  o  vírus  e a manifestação da doença, é igual entre os humanos.#@', '', '', 'O  Programa  Conjunto  das  Nações  Unidas  sobre  HIV/AIDS  (UNIAIDS)  estima  que  existam  em  2017  aproximadamente  36,9  milhões  de  pessoas  infectadas  com  o  vírus  da  imunodeficiência humana (HIV, sigla em inglês) em todo o planeta.Esse  vírus  ataca  o  sistema  imunológico  (principalmente  os  linfócitos T CD4+), responsável por defender o organismo de doenças. A respeito da AIDS, é correto afirmar que', '45', 17);
INSERT INTO question(id, answer, images, options, subtitle, initial_text, text, number, test_id) values (673, '', '', '||A:com  a  mundialização  da  economia  desapareceram  as  fronteiras e os protecionismos e as trocas comerciais se tornaram livres.#@||B:sob o aspecto geopolítico, o comércio mundial tem promovido a ascensão econômica das áreas periféricas.#@||C:o predomínio das atividades comerciais das grandes potências  ressalta  as  diferenças  econômicas  observadas  no mundo atual.#@||D:as desigualdades econômicas entre as regiões do mundo devem  ser  superadas  com  a  valorização  comercial  das  commodities.#@', '', '', 'Observe a figura para responder à questão.Tráfego marítimo e as trocas mundiais(Disponível em: https://www.acstrasbourg.fr/. Acesso em 13.09.2018)A  leitura  da  imagem  e  os  conhecimentos  a  respeito  do   contexto econômico mundial permitem afirmar que', '46', 17);
INSERT INTO question(id, answer, images, options, subtitle, initial_text, text, number, test_id) values (674, '', '', '||A:as áreas mais urbanizadas do mundo apresentaram forte crescimento demográfico.#@||B:os  continentes  onde  há  forte  emigração  foram  os  que  apresentaram pequeno crescimento demográfico.#@||C:as regiões menos populosas foram as que apresentaram maior crescimento demográfico.#@||D:os continentes com grande concentração de países subdesenvolvidos  apresentaram  maior  crescimento  demográfico.#@', '', '', 'A questão está relacionada ao gráfico apresentado a seguir.Crescimento da população mundial – 1950-2017(Disponível em: https://esa.un.org/unpd/wpp/Graphs/DemographicProfiles.  Acesso em: 13.09.2018)A  leitura  do  gráfico  e  os  conhecimentos  sobre  a  dinâmica    demográfica  mundial  permitem  afirmar  que,  entre  1950  e  2017,', '47', 17);
INSERT INTO question(id, answer, images, options, subtitle, initial_text, text, number, test_id) values (675, '', '', '||A:1 – cerrado – considerado como área de forte expressão agrícola,  abriga  inúmeras  agroindústrias  muito  produtivas.#@||B:2 – caatinga – em franca expansão das atividades industrias devido à extração mineral e à implantação de usinas eólicas.#@||C:3 – mares de morros – apresenta importantes atividades agropecuárias  modernas  que  se  destacam  pelas  técnicas conservacionistas.#@||D:4 – araucária – mantémse preservado porque as atividades industriais instaladas utilizam matérias primas importadas de outros domínios.#@', '', '', 'A questão está relacionada ao mapa apresentado a seguir.Brasil – Domínios morfoclimáticos.(Aziz Nacib Ab’Sáber, Os domínios da natureza no Brasil, 2003)Assinale  a  alternativa  que  identifica  corretamente  um  dos   domínios morfoclimáticos e as respectivas atividades econômicas predominantes.', '48', 17);
INSERT INTO question(id, answer, images, options, subtitle, initial_text, text, number, test_id) values (676, '', '', '||A:a imagem confirmava o artigo da declaração, que consagrava o princípio da igualdade diante da lei.#@||B:a filosofia iluminista criticava os ideais expressos no artigo da declaração e a situação mostrada na imagem.#@||C:o artigo da declaração opunhase à imagem, que ilustrava os privilégios de nascimento na sociedade.#@||D:a  imagem  e  o  artigo  da  declaração  baseavamse  no  racionalismo e no socialismo dominantes na época.#@', '', '', 'Analise os dois documentos sobre a França no século XVIII.(Biblioteca Nacional da França, https://commons.wikimedia.org)Art.1o – Os homens nascem e são livres e iguais em direitos. As distinções sociais só podem ter como fundamento a utilidade comum.(https://br.ambafrance.org/ADeclaracaodosDireitosdo- HomemedoCidadao)É correto afirmar que', '49', 17);
INSERT INTO question(id, answer, images, options, subtitle, initial_text, text, number, test_id) values (677, '', '', '||A:contou com a participação do capital estrangeiro e consolidou o setor secundário.#@||B:dinamizou  a  agricultura  de  subsistência  e  diminuiu  as   diferenças entre as regiões do país.#@||C:priorizou  as  empresas  nacionais  e  melhorou  a  distribuição de renda nas áreas rurais.#@||D:destinou  os  investimentos  sobretudo  à  área  social  e   ampliou o mercado consumidor.#@', '', '', '“Cinquenta  anos  em  cinco”  foi  slogan  de  Juscelino   Kubitschek desde o início da campanha eleitoral.Logo após tomar posse, o presidente reuniu o ministério para apresentar seu Plano de Metas. O orçamento do país, inclusive  os  empréstimos  obtidos  no  exterior,  seria  integralmente  investido  na  aplicação  do  plano  em  cinco  setores:  o  ramo energético ficaria com 43%, o de transportes com 29% e a indústria de base com 20%; 4% para a educação e 3% para a alimentação.Com  o  incentivo  governamental,  entre  1956  e  1961,    entraram  no  Brasil  cerca  de  2,18  bilhões  de  dólares  e  95%  dessa  verba  foi  aplicada  em  iniciativas  estabelecidas  no   Plano de Metas.(Claudio Bertolli Filho, De Getúlio a Juscelino. Adaptado)Concluise que esse processo de desenvolvimento econômico', '50', 17);

INSERT INTO question(id, answer, images, options, subtitle, initial_text, text, number, test_id) values (453, '', '', '||A:que pode ser traduzida, em português, por “evento esportivo”.#@||B:usada em algumas modalidades esportivas.#@||C:criada em bares de jazz de Chicago.#@||D:que, em português, significa “porta que bate”.#@||E:característica de meios musicais, principalmente de jazz.#@', '', '', 'De acordo com o texto, “slam” é uma palavra', '1', 12);
INSERT INTO question(id, answer, images, options, subtitle, initial_text, text, number, test_id) values (454, '', '', '||A:Nossa! Quanta cultura em uma só batida!#@||B:É possível fazer poesia a partir do coaxar de um sapo?#@||C:Futebol é uma palavra originada do inglês football.#@||D:Gostaria de conseguir deletar emoções que me fazem mal.#@||E:Viu o novo post que viralizou?#@', '', '', 'Pela leitura do texto, é possível compreender como funciona uma “onomatopeia”. Escolha a alternativa que melhor apresenta essa figura de linguagem na construção de uma palavra.', '2', 12);
INSERT INTO question(id, answer, images, options, subtitle, initial_text, text, number, test_id) values (455, '', '', '||A:Ao denominar “slam” os eventos poéticos, Smith retomou a avaliação do público neles presente.#@||B:A ambientação em bares de jazz fez os slammers se tornarem campeonatos de poesia.#@||C:A  mudança dos  slams  dos  bares  de  jazz  de  Chicago  para  as  periferias  da  cidade  foi  responsável  pela “viralização” do evento nos Estados Unidos.#@||D:A avaliação do público tornava os slams populares, o que os levou a “viralizarem” pelo mundo.#@||E:A referência à batida de uma janela fez do slam uma espécie de “janela para o mundo”.#@', '', '', 'Qual dessas afirmativas melhor interpreta o texto apresentado?', '3', 12);
INSERT INTO question(id, answer, images, options, subtitle, initial_text, text, number, test_id) values (456, '', '', '||A:“Smith”#@||B:“Slam”#@||C:“Slam” e “campeonatos de performances poéticas”#@||D:“campeonatos de performances poéticas”#@||E:“performances poéticas”#@', '', '', '“Smith nomeou também slam os campeonatos de performances poéticas que organizava e no qual os slammers (poetas) eram avaliados com notas pelo público presente, inicialmente em um bar de jazz em Chicago, depois nas periferias da cidade”. Sobre o trecho reproduzido, é possível afirmar que o sujeito do verbo “organizava” é:', '4', 12);
INSERT INTO question(id, answer, images, options, subtitle, initial_text, text, number, test_id) values (457, '', '', '||A:a todo o povo brasileiro, que apaga da história todos os seus símbolos de resistência negra.#@||B:ao Estado brasileiro, que apaga da história todos os seus símbolos de resistência negra.#@||C:ao povo brasileiro, o qual tende a vêla como um sujeito que não possui melanina suficiente para ter sua pele retinta, o que configuraria os traços marcados de seus ancestrais.#@||D:às  políticas  de  embranquecimento  do  Estado,  que  pressupõem  a  diversidade  social,  étnica  e  cultural  do Brasil.#@||E:às políticas de embranquecimento do Estado, que tendem a negar a diversidade social, étnica e cultural do#@', '', '', 'De acordo com o texto, Midria, ao afirmar que é uma menina que nasceu sem cor, faz uma crítica', '5', 12);
INSERT INTO question(id, answer, images, options, subtitle, initial_text, text, number, test_id) values (458, '', '', '||A:Folhagem#@||B:Dança#@||C:Impaciente#@||D:Desfazer#@||E:Camponês#@', '', '', 'Analise  o  processo  de  formação  da  palavra  “embranquecimento”,  avaliando  se  há  prefixos  e/ou  sufixos adicionados a um ou mais radicais. Outra palavra formada por esse mesmo processo é:', '6', 12);
INSERT INTO question(id, answer, images, options, subtitle, initial_text, text, number, test_id) values (459, '', '', '||A:Meu ritual de preparação para a escrita talvez seja a vida em si. Me entregar aos momentos que surgem e, se rolar, escreviver por eles, como diz a Conceição Evaristo.#@||B:Antes de escrever “A menina que nasceu sem cor”, eu  não  tinha  nada  a  perder  e, depois  que  escrevi, continuei não tendo. A viralização que essa poesia teve é uma dádiva sem fim, que eu valorizo, mas que não era a minha meta primeira.#@||C:Se  eu  escrevo,  é, antes  de  qualquer  coisa,  pra  fazer  sentido  pra  mim  mesma.  Se  não  tô  escrevendo, provavelmente é porque não tô com muita coisa pra dizer ou ainda não passei pelos processos necessários para sintetizar minhas vivências em poesia.#@||D:Minha poesia é bem personalista, quase sempre na primeira pessoa. Sou eu contando minha história, sobre ser da periferia, sobre descobrir minha negritude, sobre descobrir meu prazer, minha autonomia sobre minha estética, e o que mais fizer sentido partilhar.#@||E:Acho que, ao longo dos anos, assim como eu amadureci, minha escrita floresceu também. Meus textos se#@', '', '', 'As alternativas abaixo são trechos extraídos de uma entrevista de Midria, autora do slam “A menina que nasceu sem  cor”,  para  o  blog  “Como  eu  escrevo”  (fonte: https://comoeuescrevo.com/midriadasilvapereira/).  Qual  das alternativas melhor retrata a temática presente no slam “A menina que nasceu sem cor”?', '7', 12);
INSERT INTO question(id, answer, images, options, subtitle, initial_text, text, number, test_id) values (460, '', '', '||A:Uso da palavra “você”, cuja grafia não é a formalizada pelos dicionários.#@||B:Uso da palavra “te”, que já caiu em desuso e não é recomendada em textos formais.#@||C:Ausência de vírgulas na frase, com a construção de uma frase muito longa.#@||D:Uso das palavras “te” e “você” num mesmo texto, misturando as pessoas verbais.#@||E:Uso da palavra “vê”, por estar conjugada no modo imperativo.#@', '', '', 'Essa imagem foi fotografada em um banheiro público e apresenta uma frase de autor desconhecido. Qual das alternativas a seguir melhor analisa a informalidade da linguagem da frase, característica do contexto apresentado, em relação à norma padrão?', '8', 12);
INSERT INTO question(id, answer, images, options, subtitle, initial_text, text, number, test_id) values (461, '', '', '||A:alterar as características próprias do espaço onde ela foi registrada.#@||B:aproximar autor e leitor, para que o objetivo da frase seja atingido.#@||C:construir um deboche do leitor, que se sentiria feliz ao ler o texto.#@||D:satirizar frases de banheiro que trazem sentidos pejorativos.#@||E:apresentar uma linguagem mais atual, para atingir apenas os jovens.#@', '', '', 'A informalidade da linguagem usada na frase pode ter como objetivo:', '9', 12);
INSERT INTO question(id, answer, images, options, subtitle, initial_text, text, number, test_id) values (462, '', '', '||A:egoístas esperam sempre ganhar algo em troca de suas ações.#@||B:egoístas nunca atendem ao que lhes é proposto.#@||C:um mundo menos egoísta é possível, desde que se apresente alguma vantagem ao povo.#@||D:um mundo menos egoísta não é possível, uma vez que ninguém se preocupa em propor alternativas não individualistas.#@||E:a maior parte das pessoas está preocupada com o bemestar coletivo e não se deixa enganar por propostas#@', '', '', 'A partir dos quadrinhos, é possível interpretar que a tirinha de André Dahmer sugere que:', '10', 12);
INSERT INTO question(id, answer, images, options, subtitle, initial_text, text, number, test_id) values (463, '', '', '||A:O modo verbal empregado é o subjuntivo, sugerindo uma ação possível aos ouvintes.#@||B:O modo verbal empregado é o subjuntivo, apresentando uma possibilidade de ação possível aos ouvintes.#@||C:O modo verbal empregado é o subjuntivo, mostrando a incerteza do falante em relação à ação sugerida aos ouvintes.#@||D:O modo verbal empregado é o imperativo, apresentando um convite a todos os ouvintes.#@||E:O modo verbal empregado é o imperativo, apresentando um conselho a todos os ouvintes.#@', '', '', 'Qual das alternativas a seguir melhor indica o modo verbal e uma interpretação para o uso do verbo “venham” nos quadrinhos?', '11', 12);
INSERT INTO question(id, answer, images, options, subtitle, initial_text, text, number, test_id) values (464, '', '', '||A:Defesa da arte clássica como padrão artístico brasileiro.#@||B:Defesa da liberdade de expressão dos autores brasileiros.#@||C:Defesa de uma arte que cultue e promova os símbolos nacionais do Brasil.#@||D:Defesa de uma arte que tenha compromisso apenas com temas de denúncia social.#@||E:Defesa de uma arte genuinamente popular.#@', '', '', 'Ao se publicar um Manifesto, buscase formal e publicamente a transmissão de opiniões, decisões, intenções e ideias. Nos trechos transcritos do Manifesto da Antropofagia periférica, é possível identificar o que se afirma em:', '12', 12);
INSERT INTO question(id, answer, images, options, subtitle, initial_text, text, number, test_id) values (465, '', '', '||A:R$ 88,10#@||B:R$ 87,10#@||C:R$ 39,10#@||D:R$ 48,10#@||E:R$ 16,00#@', '', '', 'Carrinho de rolimã é um dos brinquedos tradicionais de criança. A figura a seguir ilustra os procedimentos para a confecção de um carrinho.  Adaptado de http://predadorpredador.blogspot.com/2012/03/carrinhoderolima.html. Acesso em 26/07/2019.  Para confeccionar um carrinho, são necessários: Material Prancha de madeira com 30 cm de largura e 2,5 cm de espessura Caibro de madeira com 3 cm de largura e 3 cm de espessura Rolimã Parafuso com porca e arruela Prego Quantidade 1 m 120 cm 4 unidades 1 unidade 6 unidades Custo dos materiais na loja: Material Preço 1 metro de prancha de madeira com 30 cm de largura e 2,5 cm de espessura R$ 20,00 1 metro de caibro de madeira com3 cm de largura e 3 cm de espessura R$   2,50 Rolimã (unidade) R$ 16,00 Parafuso com porca e arruela (unidade) R$   0,50 Prego (unidade) R$   0,10  Considere as tabelas apresentadas e calcule o custo mínimo do material necessário para confeccionar um carrinho.', '13', 12);
INSERT INTO question(id, answer, images, options, subtitle, initial_text, text, number, test_id) values (466, '', '', '||A:285#@||B:570#@||C:760#@||D:950#@||E:1330#@', '', '', 'Em uma escola, 35% dos alunos leem jornal e 55% leem revista. Sabese que 25% não leem jornal nem revista e que a escola possui 3800 alunos. Qual é o número de alunos que leem jornal e revista?', '14', 12);
INSERT INTO question(id, answer, images, options, subtitle, initial_text, text, number, test_id) values (467, '', '', '||A:1,82#@||B:1,80#@||C:1,79#@||D:1,83#@||E:1,81#@', '', '', 'Um time de voleibol tem 12 jogadores: 6 titulares e 6 reservas.  Adaptado de https://jogos4.weebly.com/quantosjogadorestemovoleibol.html. Acesso em 27/07/2019.  Durante uma partida de voleibol, a estatura média dos jogadores em quadra era de 1,78 m. O técnico substituiu um jogador titular de 1,72 m por um reserva de 1,84 m. Sendo assim, a estatura média dos jogadores em quadra passou a ser, em metros, de:', '15', 12);
INSERT INTO question(id, answer, images, options, subtitle, initial_text, text, number, test_id) values (468, '', '', '||A:R$ 1.100,00#@||B:R$ 535,00#@||C:R$ 1.035,00#@||D:R$ 1.125,00#@||E:R$ 1.070,00#@', '', '', 'Uma quantia em dinheiro foi dividida entre Alberto, Bruno e Carlos, de forma que as partes recebidas por Alberto e Bruno são, respectivamente, 80% e 7/8 da parte recebida por Carlos. Se Carlos desse R$25,00 a Bruno, ambos ficariam com o mesmo valor. Calcule o valor total inicial dividido entre as três pessoas.', '16', 12);
INSERT INTO question(id, answer, images, options, subtitle, initial_text, text, number, test_id) values (469, '', '', '||A:1,6+0,125휋#@||B:1,6+0,25휋#@||C:1,6+휋#@||D:3,2+0,25휋#@||E:3,2+0,125휋#@', '', '', 'O desenho a seguir corresponde ao tradicional jogo de Amarelinha, muito comum entre as crianças.  Em relação ao desenho apresentado, considere que a medida de cada retângulo numerado de 1 a 8 tenha 0,5 m de largura por 0,4 m de comprimento e que o “CÉU” seja representado por um semicírculo justaposto aos retângulos de números 7 e 8. Considere, ainda, que os retângulos não estejam sobrepostos ou possuam espaços entre eles. Sendo assim, qual é a área total limitada pela figura em m2 ?', '17', 12);
INSERT INTO question(id, answer, images, options, subtitle, initial_text, text, number, test_id) values (470, '', '', '||A:I, V e VI#@||B:II, IV e VI#@||C:III, V e VI#@||D:I e V#@||E:II e IV#@', '', '', 'Considere as sentenças: I. (푥3)4=푥7 II. (푥3)4=푥12 III. (푥3)4=푥81 IV. 푥3푥4=푥7 V. 푥3푥4=푥12 VI. Para 푎,푏 e 푐 números reais, se 푎푏=푎푐, então 푏=푐 São verdadeiras as sentenças:', '18', 12);
INSERT INTO question(id, answer, images, options, subtitle, initial_text, text, number, test_id) values (471, '', '', '||A:43%#@||B:57,5%#@||C:61,5%#@||D:73%#@||E:77%#@', '', '', 'Leia o texto a seguir. “A cidade de São Paulo atingiu 23% da meta de vacinação contra sarampo entre os jovens de 15 a 29 anos. Segundo a Secretaria Municipal de Saúde, de 10 de junho até esta quintafeira (25), foram aplicadas 720 mil doses da vacina.” Disponível em https://aconteceagora.com.br/spatingiu-23-dametadevacinacaocontrasarampoentrejovensde-15-a-29-anos/?utm_source=rss&utm_medium=rss&utm_campaign=spatingiu-23-dametadevacinacaocontrasarampoentrejovensde-15-a-29-anos. Acesso em 26/07/2019.  Na cidade de São Paulo, após 25 de julho, foram vacinados 50% dos jovens de 15 a 19 anos que ainda não haviam recebido a vacina. Qual é a porcentagem total de jovens vacinados até essa data?', '19', 12);
INSERT INTO question(id, answer, images, options, subtitle, initial_text, text, number, test_id) values (472, '', '', '||A:16#@||B:18#@||C:20#@||D:22#@||E:24#@', '', '', 'Uma  loja  de  eletrodomésticos  possui  uma  matriz  e  onze  filiais.  Ela  comprou  200  televisores  idênticos para serem  distribuídos  igualmente  entre  as  12  lojas,  ficando  a  matriz  também  com  o  resto  da  divisão.  O  número  de televisores destinados à matriz equivale a:', '20', 12);
INSERT INTO question(id, answer, images, options, subtitle, initial_text, text, number, test_id) values (473, '', '', '||A:2+√3#@||B:12−√3#@||C:2−√3#@||D:√3−1#@||E:#@', '', '', 'Na  figura  a  seguir,  temos  três  circunferências  de  raio 1,  tangentes  entre  si  e  inscritas  no  retângulo 퐴퐵퐶퐷. Sabendo que 푀 é ponto do segmento 퐴퐷̅̅̅̅ e que 퐹, 퐺 e 퐸 são pontos de tangência entre as circunferências e os lados do retângulo, calcule o valor da tangente do ângulo 푀퐸̂퐹.', '21', 12);
INSERT INTO question(id, answer, images, options, subtitle, initial_text, text, number, test_id) values (474, '', '', '||A:−1/7#@||B:−2/7#@||C:−3/7#@||D:−4/7#@||E:−5/7#@', '', '', 'Calcule a soma das raízes reais da equação −−푥−34−−푥+13=1푥.', '22', 12);
INSERT INTO question(id, answer, images, options, subtitle, initial_text, text, number, test_id) values (475, '', '', '||A:퐸=0#@||B:퐸=1#@||C:퐸=9#@||D:퐸=16#@||E:퐸=34#@', '', '', 'Calcule o valor numérico da expressão 퐸=  12(13+56+1112)−32.', '23', 12);
INSERT INTO question(id, answer, images, options, subtitle, initial_text, text, number, test_id) values (476, '', '', '||A:1/16#@||B:1/8#@||C:1/4#@||D:1/2#@||E:1#@', '', '', 'Calcule o valor de 푋, sabendo que 푎=2020 e 푏=2018. 푋=푎42−푎2푏2+푏424푎2+8푎푏+4푏2', '24', 12);
INSERT INTO question(id, answer, images, options, subtitle, initial_text, text, number, test_id) values (477, '', '', '||A:o Polo Sul magnético da agulha da bússola aponta para o Polo Norte geográfico terrestre, aproximadamente.#@||B:o Polo Sul magnético da agulha da bússola é atraído pelo Polo Sul magnético da Terra.#@||C:o Polo Sul magnético da agulha da bússola aponta para o Polo Sul geográfico terrestre, aproximadamente.#@||D:o Polo Norte magnético da agulha da bússola aponta para o Polo Sul geográfico terrestre, aproximadamente.#@||E:os Polos magnéticos da agulha são atraídos pelos Polos magnéticos terrestres de mesma denominação.#@', '', '', 'Podemos  dizer  que  a  Terra e  a agulha  de  uma  bússola  comportamse  como  barras  de  ímãs, que  possuem polos magnéticos Norte e Sul. Na figura a seguir, o Polo Norte magnético da agulha da bússola aponta de forma aproximada para o Polo Norte geográfico terrestre.  Desta forma, podemos concluir que:', '25', 12);
INSERT INTO question(id, answer, images, options, subtitle, initial_text, text, number, test_id) values (478, '', '', '||A:5,9  1025 m.#@||B:4,5  1022 m.#@||C:1,5  1015 m.#@||D:9,0  1015 m.#@||E:1,5  10#@', '', '', 'No  dia  10  de  abril  de  2019,  foi  publicada  a  primeira imagem de um buraco negro. Essa imagem foi produzida por  uma rede de telescópios como resultado  do  projeto  Event Horizon  Telescope, realizado  pela  Fundação  Nacional  de  Ciências  (National Science Foundation). O buraco negro fotografado possui uma massa 6,5 bilhões de  vezes  maior  que  a  massa  do  Sol,  e  se  encontra  a  5 milhões de anosluz da Terra. Considere que: • 1 anoluz é a distância percorrida pela luz em um ano; • 1 ano é aproximadamente igual a 3,0  107 s; • a velocidade da luz é igual a 3,0  105 km/s. Sendo assim, a distância do buraco negro observado em relação à Terra é de:', '26', 12);
INSERT INTO question(id, answer, images, options, subtitle, initial_text, text, number, test_id) values (479, '', '', '||A:Em uma variação de altitude do nível do mar até uma altura de 1 km, observase, no gráfico, uma alteração de pressão como a observada em uma variação da altitude de 7 km até 8 km, pois a densidade do ar é a mesma em qualquer altitude.#@||B:Em uma variação de altitude do nível do mar até uma altura de 1 km, observase, no gráfico, uma alteração de pressão menor que a observada em uma variação da altitude de 7 km até 8 km, pois a densidade do ar diminui com o aumento da altitude.#@||C:Em uma variação de altitude do nível do mar até uma altura de 1 km, observase, no gráfico, uma alteração de pressão maior que a observada em uma variação da altitude de 7 km até 8 km, pois a densidade do ar diminui com o aumento da altitude.#@||D:O organismo humano pode sofrer alterações no seu comportamento quando a pressão atmosférica a que está submetido é de aproximadamente 0,9 atm.#@||E:A curva apresentada no gráfico não é uma reta, pois a densidade do ar é constante, independentemente da#@', '', '', 'Sabese  que  a  pressão  atmosférica  diminui  com  a  altitude,  e  essa diminuição causa alterações no comportamento do organismo humano. Numa  altura  de  aproximadamente  2.500  m  acima  do  nível  do  mar,  o organismo humano pode apresentar aumento na frequência cardíaca, dor de cabeça, náuseas, dificuldade para respirar, além de outros sintomas. O  gráfico  ao  lado fornece  o  comportamento  da  pressão  atmosférica  em relação à altitude.  Observe o gráfico e assinale a alternativa correta.', '27', 12);
INSERT INTO question(id, answer, images, options, subtitle, initial_text, text, number, test_id) values (480, '', '', '||A:Retículo endoplasmático rugoso#@||B:Lisossomos#@||C:Mitocôndrias#@||D:Cloroplastos#@||E:Centríolos#@', '', '', 'Diabetes  Mellitus é  uma  doença que  apresenta  como  principal  sintoma  o  aumento  dos níveis  de  glicose  no sangue, condição denominada hiperglicemia. Ocorre principalmente por erros na síntese ou secreção do hormônio insulina,  um  polipeptídio  produzido  e  secretado  por  células especializadas,  localizadas  no  pâncreas.  Caso  um pesquisador iniciante desejasse realizar em laboratório um estudo sobre a organela diretamente relacionada com os erros na síntese da insulina, qual delas deveria ser o foco de suas pesquisas?', '28', 12);
INSERT INTO question(id, answer, images, options, subtitle, initial_text, text, number, test_id) values (481, '', '', '||A:As vacinas possuem agentes virais mortos ou atenuados, ou ainda substâncias virais que têm por finalidade formar a memória imunológica, que é específica para cada agente viral.#@||B:As vacinas possuem anticorpos que  irão realizar  o combate  aos agentes virais. Como os  anticorpos são específicos para cada doença, tornase necessário o recebimento de diferentes tipos de vacina.#@||C:As vacinas possuem antígenos capazes de combater os agentes virais, eliminando, assim, a possibilidade de  evolução  da  doença.  Como  muitos  vírus  possuem  altas  taxas  de  mutação,  tornase  necessário  o recebimento de diferentes tipos de vacina.#@||D:As vacinas possuem anticorpos capazes de gerar no paciente uma memória imunológica específica ao vírus causador  de  cada  doença.  Devido  à  diversidade  de  doenças  causadas  por  agentes  virais,  tornase necessária a utilização de diferentes vacinas.#@||E:As  vacinas  são  produzidas  a  partir  da  administração  de  antígenos  em  cavalos.  Os  anticorpos  são,  em#@', '', '', 'Leia o texto a seguir.  O  aumento  nos  casos  da  doença  evidenciada  no  texto  reforça  a  necessidade  da  realização  das campanhas  de vacinação como medida de promoção da saúde individual e coletiva. O motivo pelo qual devemos receber diferentes vacinas ao longo de nossa vida é:', '29', 12);
INSERT INTO question(id, answer, images, options, subtitle, initial_text, text, number, test_id) values (482, '', '', '||A:as  abelhas,  ao  reconhecerem  os  campos  elétricos  das  flores, conseguem  selecionar  as  espécies  que produzem mais néctar, agindo como efetivas polinizadoras e dispersoras de sementes.#@||B:as  abelhas,  ao  reconhecerem  o  campo  elétrico  produzido  pela  interação  das  flores  com  a  atmosfera, conseguem perceber, com exatidão, as condições climáticas, realizando a polinização na primavera e de forma sincronizada.#@||C:a capacidade  dos  agentes  polinizadores  citados  no  texto  de  identificarem  os  tipos  de  flores  aumenta  as chances de que o pólen coletado em uma espécie seja depositado no estigma de uma outra flor de mesma espécie.#@||D:a capacidade das angiospermas de produzirem campos elétricos que facilitem o reconhecimento de suas flores  pelas  abelhas  aumenta  seu  sucesso  na  polinização  e  na  dispersão  das  sementes  em  relação  às pteridófitas, plantas que se reproduzem por esporos.#@||E:as abelhas, ao reconhecerem os campos elétricos de flores de diferentes espécies, conseguem buscar com#@', '', '', 'Leia o texto a seguir. Abelhas utilizam campos elétricos para identificar flores A relação entre abelha e flor é tão intensa que alguns ecólogos atrelam o surgimento e a proliferação das abelhas na Terra ao aparecimento das plantas com flores e frutos (angiospermas). Para se alimentar, as abelhas utilizam os sentidos de visão e olfato, por meio dos quais reconhecem os diferentes tipos de flores por sua cor e cheiro. No entanto, existe outra forma de comunicação entre flores e abelhas bastante sofisticada. Invisíveis para os seres humanos,  os  campos elétricos  florais  são  estímulos  percebidos  por  um  sentido  especial  das  abelhas  que  elas também usam para reconhecer e identificar as flores. Em 2013, um estudo conduzido por Daniel Robert, biólogo da Universidade  de  Bristol,  Inglaterra,  e  publicado  pela Science (vol.  340,  pp.  66-69),  anunciava  uma  importante descoberta:  as  flores  estão  cercadas  por  um  campo  elétrico  fraco,  que  surge  da  interação  com  a  atmosfera.  As abelhas são capazes de detectar esses campos elétricos e, por meio do seu formato geométrico, identificar o tipo de flor. Adaptado de: FLORIO, V. Abelhas utilizam campos elétricos para identificar flores. In: Cienc. Cult. vol.68 no.3 São Paulo July/Sept. 2016.  Considerando o  texto,  o  reconhecimento  das  estruturas  florais,  a  partir  dos  campos  elétricos,  gerou  vantagem evolutiva para as angiospermas, pois', '30', 12);
INSERT INTO question(id, answer, images, options, subtitle, initial_text, text, number, test_id) values (483, '', '', '||A:Os movimentos respiratórios são controlados pelo bulbo, órgão presente no tronco encefálico humano. O bulbo aumenta a frequência dos movimentos respiratórios quando há queda do oxigênio sanguíneo.#@||B:Os  movimentos  respiratórios  são  controlados  na  ponte,  órgão  presente  no  cérebro  humano.  A  ponte aumenta a frequência dos movimentos respiratórios quando há queda do oxigênio no sangue.#@||C:Os  movimentos  respiratórios  são  controlados  pela  ponte,  órgão  presente  no  cérebro  humano.  A  ponte aumenta a frequência dos movimentos respiratórios quando há aumento do gás carbônico sanguíneo.#@||D:Os  movimentos  respiratórios  são  controlados  pela  ponte,  órgão  presente  na  medula  espinal.  A  ponte aumenta a frequência dos movimentos respiratórios quando há queda do gás oxigênio sanguíneo.#@||E:Os movimentos respiratórios são controlados pelo bulbo, órgão presente no tronco encefálico humano. O#@', '', '', 'O mergulho livre ou mergulho em apneia pode ser muito perigoso se não praticado com responsabilidade, pois, apesar  da  respiração  poder  ser  interrompida  de  forma  voluntária,  o  controle  dos  movimentos  respiratórios  são involuntários. Sobre o mecanismo de controle da respiração, assinale a alternativa correta:', '31', 12);
INSERT INTO question(id, answer, images, options, subtitle, initial_text, text, number, test_id) values (484, '', '', '||A:A  Amazônia não  pode  ser  considerada  o  pulmão  do  mundo,  pois,  devido  à  alta  taxa  de  transpiração, é responsável pela formação dos rios aéreos.#@||B:As algas são consideradas o pulmão do mundo por serem capazes de liberar oxigênio para a atmosfera e fixar o gás carbônico, pois não realizam respiração aeróbica, apenas fotossíntese.#@||C:A Amazônia não pode ser considerada o pulmão do mundo por ser uma floresta em clímax, ou seja, que já atingiu o último estágio da sucessão ecológica.#@||D:As  algas  são  consideradas  o  pulmão  do  mundo, pois  apresentam  baixa  taxa  de  reprodução,  realizando, assim, taxas mais elevadas de fotossíntese do que de respiração.#@||E:As  algas  são  consideradas  o  pulmão  do  mundo, pois  apresentam  baixa  taxa  de  transpiração,  já  que,#@', '', '', 'Leia o texto a seguir. Personalidades  e  o  próprio  senso  comum  tendem  a  repetir  que  a  maior  floresta  tropical  do  mundo  sirva  como pulmões  ao  planeta.  Do  ponto  de  vista  científico,  porém,  a  analogia  é  equivocada.  Os  pulmões  humanos  são responsáveis por uma troca gasosa essencial: eles nos fornecem oxigênio e eliminam o gás carbônico produzido pelo próprio corpo durante a queima energética. De acordo com o biólogo e pesquisador da Universidade Federal de  Minas  Gerais, Adriano  Paglia,  são  as  algas  marinhas,  vegetais  fotossintetizantes,  que  fazem  boa  parte  da liberação de oxigênio na atmosfera mundial. Adaptado de: https://www.hojeemdia.com.br/horizontes/nocentrodapol%C3%AAmicaaamaz%C3%B4nia-%C3%A9-oun%C3%A3o-%C3%A9-opulm%C3%A3odomundo-1.737402. Acesso em: 23/08/2019.  Considerando as informações contidas no texto e os seus conhecimentos, assinale a alternativa correta:', '32', 12);
INSERT INTO question(id, answer, images, options, subtitle, initial_text, text, number, test_id) values (485, '', '', '||A:A  explicação  apresentada  está  de  acordo  com  a teoria  darwinista,  pois  justifica  o  surgimento  da característica pela seleção dos mais aptos.#@||B:A explicação apresentada está de acordo com a teoria lamarckista, pois justifica a ocorrência da adaptação por sua finalidade.#@||C:A  explicação  apresentada  está  de  acordo  com  a  teoria  darwinista,  pois  justifica  o  surgimento  da característica pela lei do uso e desuso.#@||D:A explicação apresentada está de acordo com a teoria darwinista, pois justifica a presença da característica como consequência da necessidade.#@||E:A explicação apresentada está de acordo com a teoria lamarckista, pois justifica a presença da adaptação#@', '', '', 'A  tirinha  a  seguir  representa  Charles  Darwin,  o  principal  pensador  da  teoria  evolucionista  mais  aceita atualmente.  https://esquadraodoconhecimento.files.wordpress.com/2011/12/darwin-1.png. Acesso em 25/08/2019.  Analise a explicação apresentada no segundo quadrinho e assinale a alternativa correta.', '33', 12);
INSERT INTO question(id, answer, images, options, subtitle, initial_text, text, number, test_id) values (486, '', '', '||A:4,2 e 33,2.#@||B:11,2 e 316,7.#@||C:2,7 e 332.#@||D:4,2 e 316,7.#@||E:11,2 e 33,2.#@', '', '', 'A hematita,  minério do qual se extrai o ferro  metálico, tem,  essencialmente, na sua constituição, o óxido  de ferro III (Fe2O3). As reações que ocorrem nesse processo siderúrgico podem ser resumidas pela equação: Fe2O3(s)  +  3 CO(g)   →    2 Fe(s)  +  3 CO2(g) Ao  se  adicionar  5,0  toneladas  de  Fe2O3,  serão  necessárias  2,7 toneladas  de  monóxido  de  carbono,  sendo produzidas  3,5  toneladas  de  ferro  metálico  e  _________  toneladas  de  CO2.  E,  ao  se  utilizar  452,5  kg  de  Fe2O3, serão produzidos, aproximadamente, _________ quilogramas de ferro metálico. Assinale a alternativa cujos valores preenchem, respectivamente, as lacunas.', '34', 12);
INSERT INTO question(id, answer, images, options, subtitle, initial_text, text, number, test_id) values (487, '', '', '||A:o CO2 faz ligação covalente e é um óxido ácido.#@||B:o Fe2O3 faz ligação iônica e é um peróxido.#@||C:o CO faz ligação iônica e é um óxido neutro.#@||D:o SiO2 faz ligação iônica e é um óxido básico.#@||E:o CO e CO#@', '', '', 'Tanto  a hematita (Fe2O3) quanto a areia (SiO2) são classificadas como óxidos. Além disso, podemos incluir nesse mesmo grupo de funções inorgânicas o CO e o CO2, que são substâncias presentes no processo de obtenção do ferro metálico. Contudo, eles possuem diferenças em relação à ligação química e reatividade. Dessa forma, podemos afirmar que:', '35', 12);

INSERT INTO question(id, answer, images, options, subtitle, initial_text, text, number, test_id) values (488, '', '', '||A:“Triste”,  “louca”  e  “má”  são  qualificações  usualmente  atribuídas  a  mulheres  que  não  se  inserem  em famílias tradicionais e rompem com preceitos sociais atuais.#@||B:A “receita cultural”, por ser “do marido, da família”, está no âmbito do familiar, portanto, não se refere à sociedade.  Dessa  forma,  romper  com  essa  receita  é  algo  indolor,  como  afirmam os versos “Quem não sem dores / Aceita que tudo deve mudar”.#@||C:Nos versos 13 e 14 (repetidos em 17 e 18), os termos “casa” e “carne” são metáforas que representam os papéis sociais atribuídos às mulheres.#@||D:Nos versos 19, 22 e 36, a construção “ela desatinou” é paradoxal em relação à música, já que o eu lírico critica a mulher que rompe com essa “receita” por perder o juízo.#@||E:A expressão “Desatou nós” é polissêmica, assim como a expressão “queimar o mapa”, e  ambas  podem#@', '', '', 'Assinale a alternativa que melhor interpreta a música “Triste, louca ou má”, escrita por Juliana Strassacapa, compositora e vocalista da banda “Francisco, El Hombre”.', '1', 13);
INSERT INTO question(id, answer, images, options, subtitle, initial_text, text, number, test_id) values (489, '', '', '||A:é  composto  por  três  advérbios  de  modo  e  por  uma  conjunção  coordenativa  aditiva  e  sintetiza  o  modo como  as  mulheres  são  caracterizadas  quando  decidem  romper  com  os  enquadramentos  sociais  a  que estão submetidas.#@||B:é composto por três substantivos e por uma conjunção coordenativa aditiva e sintetiza a nominação que a sociedade  contemporânea  dá  aos  sujeitos  que  decidem  romper  com  os  enquadramentos  sociais  a  que estão submetidos.#@||C:é composto por três  adjetivos e por  uma conjunção  coordenativa alternativa  e  sintetiza a forma como as mulheres  são  caracterizadas  quando  decidem  romper  com  os  enquadramentos  sociais  a  que  estão submetidas.#@||D:é composto por três advérbios de modo e por uma conjunção coordenativa alternativa e sintetiza o modo como  as  mulheres  são  caracterizadas  quando  decidem  romper  com  os  enquadramentos  sociais  a  que estão submetidas.#@||E:é composto por três  adjetivos e por  uma conjunção  coordenativa alternativa  e  sintetiza a forma como as#@', '', '', 'Sobre o primeiro verso da música, “Triste, louca ou má”, podese afirmar que:', '2', 13);
INSERT INTO question(id, answer, images, options, subtitle, initial_text, text, number, test_id) values (490, '', '', '||A:Na  segunda  estrofe, os  termos “do marido” e “da família” são complementos nominais do termo “receita cultural”.#@||B:Na primeira estrofe, o termo “Triste, louca ou má” exerce a função de sujeito do verbo “será”.#@||C:Na primeira estrofe, o termo “quem recusar” exerce a função de sujeito do verbo “seguir”.#@||D:Nas estrofes 4 e 5, o pronome oblíquo “te” funciona como objeto indireto do verbo “definir”.#@||E:Na nona estrofe, a conjunção coordenativa aditiva “e”, que  inicia  o  verso  31, introduz  a  ação  final  a  ser#@', '', '', 'Sabendo  que  estrofe  é  o  agrupamento  de  versos,  assinale  a  alternativa  que  apresenta  a  análise  sintática correta dos trechos do texto.', '3', 13);
INSERT INTO question(id, answer, images, options, subtitle, initial_text, text, number, test_id) values (491, '', '', '||A:ambos  os  textos  possuem  uma  relação  temática  ao  problematizarem  a  ideia  de  normatização  de  certos comportamentos sociais.#@||B:ambos  os  textos  possuem  uma  relação  temática  ao  afirmarem  a  necessidade  de  superação  do  conceito tradicional de família.#@||C:os  textos se  relacionam  de  modo  contrastivo ao  problematizarem  a  noção  de  família  na  sociedade moderna.#@||D:os textos  se  relacionam  de  modo  contrastivo,  pois  a  tirinha  de  Laerte  está  centrada  na  afirmação  do estereótipo  da  família  contemporânea,  enquanto  a  música  “Triste,  louca  ou  má”  concentrase  na superação do papel atribuído à mulher na sociedade moderna.#@||E:os  textos  se  relacionam  de  modo  contrastivo,  pois  a  tirinha  de  Laerte  está  centrada  na  superação  do#@', '', '', 'Sobre a tirinha de Laerte a seguir e a letra da música “Triste, louca ou má”, é possível afirmar que:  http://oplanetabomba.blogspot.com/2015/10/ofundamentalismoetentativademoldar.html. Acesso em: 29/07/2018.   Processo Seletivo COTUCA 2019  8', '4', 13);
INSERT INTO question(id, answer, images, options, subtitle, initial_text, text, number, test_id) values (492, '', '', '||A:Na versão original da manchete, ao usar a prosopopeia para atribuir um sentimento humano à Av. Roberto Marinho,  o  jornalista  conduz  a  atenção  do  leitor  para  ela.  Desse  modo,  o “SEM TETO” é  objetificado  e apresentado como um sintoma da "doença" que aflige a Avenida.#@||B:Na  versão  original  da  manchete,  ao  usar  a  metáfora  para  atribuir  um  sentimento  humano  à  Av.  Roberto Marinho, o jornalista conduz a atenção do leitor para ela. Desse modo, o “SEM TETO” é marginalizado e apresentado como um invasor do espaço público.#@||C:Na  versão  original  da  manchete,  ao  usar  a  metonímia  para gerar  uma  relação  de  causa  e  efeito,  o jornalista conduz a atenção do leitor para a ocupação da Av. Roberto Marinho e para a degradação social do espaço público.#@||D:Ao  reescrever  a  manchete,  a  Caneta  Desmanipuladora  inverte  a  ideia  original,  de  forma  que  o “SEM TETO” tornase o causador da “doença” que aflige a Avenida.#@||E:Ao reescrever a manchete, a Caneta Desmanipuladora mantém a ideia original, transmitindo preocupação#@', '', '', 'Assinale a alternativa que melhor analisa o post da página do Facebook “Caneta Desmanipuladora”.', '5', 13);
INSERT INTO question(id, answer, images, options, subtitle, initial_text, text, number, test_id) values (493, '', '', '||A:Semteto e socioeconômica.#@||B:Semteto e socioeconômica.#@||C:Sem teto e sócioeconônima.#@||D:Semteto e sócioeconômica.#@||E:Sem teto e socioeconomica.#@', '', '', 'Levando  em  consideração  as  regras  ortográficas  da  Língua  Portuguesa  e  o  Acordo  Ortográfico  da  Língua Portuguesa, em vigor desde 2009, assinale a alternativa que apresenta as grafias corretas dos termos ““SEM TETO” e “SOCIOECONOMICA”, a partir das relações sintáticas estabelecidas no texto do post analisado.', '6', 13);
INSERT INTO question(id, answer, images, options, subtitle, initial_text, text, number, test_id) values (494, '', '', '||A:“Tum dum pararatim bum” (1º quadrinho) – interjeição.#@||B:“Puxa” (2º quadrinho”) – verbo.#@||C:“Justo” (3º quadrinho) – advérbio.#@||D:“Tanto” (7º quadrinho) – adjetivo.#@||E:“Ei” (8º quadrinho) – vocativo.#@', '', '', 'Assinale a  alternativa  correta  quanto  à  análise  morfológica  das  palavras  ou  expressões  selecionadas  no texto.', '7', 13);
INSERT INTO question(id, answer, images, options, subtitle, initial_text, text, number, test_id) values (495, '', '', '||A:A utilização do  pronome “destas” está correta, porém, o pronome “neste”  deveria ser  substituído por nesse, já que aborda o clima fora da barraca, portanto distante dos falantes do discurso.#@||B:A  utilização  do  pronome  “neste”  está  correta,  porém,  o  pronome “destas”  deveria  ser  substituído  por dessas, por se referir a férias futuras.#@||C:Ambas as utilizações pronominais estão corretas, já que ambos os pronomes se referem a um momento futuro em relação aos sujeitos falantes do discurso.#@||D:Ambas  as  utilizações  pronominais  estão  corretas,  já  que  ambos  os  pronomes  se  referem  ao  momento presente em relação aos sujeitos falantes do discurso.#@||E:Ambas  as  utilizações  pronominais  estão  incorretas.  Os  pronomes  adequados  seriam: dessas,  por  se#@', '', '', 'Nos quadrinhos 4 e 5, há dois pronomes destacados – “destas” e “neste”. Sabendo que há regras gramaticais que regem os usos dos pronomes demonstrativos, assinale a alternativa correta.', '8', 13);
INSERT INTO question(id, answer, images, options, subtitle, initial_text, text, number, test_id) values (496, '', '', '||A:“Claro que sim. Faz três dias que não para de chover. Por que ia parar justo agora?” (3º quadrinho)#@||B:“A gente vai precisar de umas férias depois destas férias.” (4º quadrinho)#@||C:“Não acredito que o papai saiu para pescar.” (5º quadrinho)#@||D:“Ou ele pesca algo ou a comida enlatada acaba. E aí morreremos de fome aqui no meio do nada.” (6º quadrinho)#@||E:“Ei, Calvin! Quer aprender a limpar um peixe?” (8º quadrinho)#@', '', '', 'Qual das alternativas abaixo apresenta orações que expressam uma relação de causa e consequência?', '9', 13);
INSERT INTO question(id, answer, images, options, subtitle, initial_text, text, number, test_id) values (497, '', '', '||A:As crianças da atualidade não gostam de fazer atividades ao ar livre e preferem ficar dentro de ambientes fechados.#@||B:Pais e filhos não têm interesses em comum, portanto, não conseguem se divertir juntos.#@||C:É importante se preparar para eventualidades e levar mais comida do que julga necessário.#@||D:É sempre bom levar livros durante as viagens, pois pode haver imprevistos e eles são sempre úteis.#@||E:Pais  e  filhos  possuem  perspectivas  diferentes  dos  acontecimentos  por  terem  experiências  de  vida#@', '', '', 'Uma possível interpretação da tirinha está representada corretamente em qual das alternativas abaixo?', '10', 13);
INSERT INTO question(id, answer, images, options, subtitle, initial_text, text, number, test_id) values (498, '', '', '||A:“tá” – (3º quadrinho)#@||B:“a gente” – (4º e 7º quadrinhos)#@||C:“dá” – (4º quadrinho)#@||D:“até que” – ( 7º quadrinho)#@||E:“obcecado” – (5º quadrinho)#@', '', '', 'Por  se  tratar  de  uma  história  em  quadrinhos,  elementos da  variedade  coloquial  aparecem  nas  falas  das personagens.  Assinale  a  alternativa  que  apresenta  corretamente  o  elemento  de  coloquialidade  que  diverge  da forma escrita padrão.', '11', 13);
INSERT INTO question(id, answer, images, options, subtitle, initial_text, text, number, test_id) values (499, '', '', '||A:A  “memecrítica”  é  um  dispositivo  cultural  de  grande  potencialidade  políticodiscursiva,  pois  consegue abranger os mais diversos setores da sociedade.#@||B:A  “memecrítica”  não  é  efetiva  como  crítica  social,  pois  o  seu conteúdo  circula  em  ambientes  muito restritos.#@||C:Por causa de sua restrita potencialidade políticodiscursiva nos processos de interlocução entre pessoas, a “memecrítica” tem causado desconforto nos políticos e membros dos poderes judiciários e executivos.#@||D:A “memecrítica” é apresentada de modo positivo, especialmente porque sua grande potencialidade levou os poderes brasileiros a mapear os usos da internet.#@||E:O trecho “independentemente do grau de escolaridade de quem compartilha” é preconceituoso por afirmar#@', '', '', 'De acordo com o texto “A era dos memes na crise política atual”, assinale a alternativa correta.  A era dos memes na crise política atual Luciano Freitas Filho   Seria  cômico,  se  não  fosse  trágico,  o  estado  de  irreverência  do  brasileiro  frente  à  crise  em  que  o  país encontrase imerso. A nossa capacidade de fazer piada de nós mesmos e da acentuada crise políticoeconômica atual nos instiga a refletir se estamos “jogando a toalha” ou se este é apenas um “jeitinho brasileiro” de encarar a realidade.  A  criatividade  de  produzir  piadas,  memes  e  áudios  engraçados  expõe  um  certo  tipo  de  estratégia  do brasileiro para lidar com situações de conflito. “Tira a Dilma. Tira o Aécio. Tira o Cunha. Tira o Temer. Tira a calça jeans e bota um fio dental, morena você é tão sensual”.  Eis  uma  das  milhares de  piadas  que  circulam  nas  redes  sociais  e  que,  de  forma  irreverente,  estimulam  o debate.  Não  há  aquele  que  não  se  divirta  com  essa  piada  ou  outra  congênere, que  não  gargalhe  diante  dos diversos textos engraçados que circulam por meio de postagens ou mensagens de celular, independentemente do grau de escolaridade de quem compartilha.   A “memecrítica” vem como um dispositivo cultural de grande potencialidade políticodiscursiva nos processos de interlocução entre pessoas. Essa é uma categoria de crítica social que tem causado desconforto nos políticos e membros  dos  poderes  judiciários  e  executivos,  estimulando,  inclusive,  tentativas  frustradas  de  mapeamento  e controle  do  uso  da  internet  por  parte  dos  internautas.  Aliás,  ressaltemos  que  o  Brasil  é  um  dos  campeões  em produção e veiculação de memes em meio às mídias virtuais. Adaptado de: http://justificando.cartacapital.com.br/2017/06/07/eradosmemesnacrisepoliticaatual/. Acesso em: 14/08/2018.', '12', 13);
INSERT INTO question(id, answer, images, options, subtitle, initial_text, text, number, test_id) values (500, '', '', '||A:51.#@||B:54.#@||C:57.#@||D:60.#@||E:63.#@', '', '', 'João brinca com  palitos  de  fósforo  montando  figuras.  Na 1ª  etapa, monta  um  triângulo  e,  nas  etapas seguintes, vai acrescentando triângulos conforme a sequência representada abaixo.  O número de palitos de fósforo necessários e suficientes para a construção da 10ª etapa é:', '13', 13);
INSERT INTO question(id, answer, images, options, subtitle, initial_text, text, number, test_id) values (501, '', '', '||A:8,9%.#@||B:9,1%.#@||C:10%.#@||D:10,9%.#@||E:11,1%.#@', '', '', 'Um restaurante faz uma promoção, com a seguinte regra, a seus clientes fidelizados: “Consuma dez almoços e ganhe um por nossa conta!” Desse modo, um cliente que almoçar dez vezes e ganhar o almoço por conta do restaurante ganhará um desconto cujo valor, aproximadamente, equivale a:', '14', 13);
INSERT INTO question(id, answer, images, options, subtitle, initial_text, text, number, test_id) values (502, '', '', '||A:2014.#@||B:2015.#@||C:2016.#@||D:2017.#@||E:2018.#@', '', '', 'Observe, na tabela a seguir, o número de candidatos por ano de ingresso do Vestibulinho do Cotuca.  Candidatos por Ano de ingresso Ano 2014 2015 2016 2017 2018 Número de candidatos 6331 5151 5925 5557 5878 http://exame.cotuca.unicamp.br/candvaga.aspx Acesso em: 28/07/2017. A partir  do  cálculo  da  média  aritmética  do  número  de  candidatos  nesses  cinco  anos,  determine  em  qual  ano  o número de candidatos se distanciou mais dessa média.', '15', 13);
INSERT INTO question(id, answer, images, options, subtitle, initial_text, text, number, test_id) values (503, '', '', '||A:900 g#@||B:890 g#@||C:800 g#@||D:450 g#@||E:170 g#@', '', '', 'Uma fruta in  natura possui 80% de  sua  massa  composta  de  água e,  se  for  desidratada,  a  água  se  reduz  a 10% da massa após esse processo. Qual é a massa (em gramas) dessa fruta in natura que corresponderia a uma porção de 100 g dessa mesma fruta em sua forma desidratada?', '16', 13);
INSERT INTO question(id, answer, images, options, subtitle, initial_text, text, number, test_id) values (504, '', '', '||A:#@||B:#@||C:#@||D:#@||E:#@', '', '', 'Calcule o valor de   na expressão abaixo.', '17', 13);
INSERT INTO question(id, answer, images, options, subtitle, initial_text, text, number, test_id) values (505, '', '', '||A:1.#@||B:2.#@||C:.#@||D:3.#@||E:#@', '', '', 'Observe, a seguir, uma maneira de resolver a equação            . Como            , podemos acrescentar um parênteses dentro do radical, de modo que a equação original assumirá a seguinte forma:              . Note que a expressão dentro do parênteses é idêntica à expressão apresentada no início do problema e, portanto, vale 2. Temos, então, que        . Elevando ambos os membros ao quadrado, temos:     , logo      A partir do raciocínio apresentado, ao resolver a equação                    ,  o valor de   será:   Processo Seletivo COTUCA 2019  14', '18', 13);
INSERT INTO question(id, answer, images, options, subtitle, initial_text, text, number, test_id) values (506, '', '', '||A:.#@||B:.#@||C:.#@||D:.#@||E:#@', '', '', 'Os quatro triângulos equiláteros congruentes, na figura a seguir, estão enfileirados de modo que os pontos A, B, C, D e E são colineares. Sabendo que o lado do triângulo equilátero mede 1 cm, o valor da tangente do ângulo IÂE é:', '19', 13);
INSERT INTO question(id, answer, images, options, subtitle, initial_text, text, number, test_id) values (507, '', '', '||A:.#@||B:.#@||C:.#@||D:.#@||E:.#@', '', '', 'Na figura a seguir, temos um triângulo equilátero ABC e duas circunferências concêntricas de centro D, uma inscrita  e  outra  circunscrita  ao  triângulo  ABC.  Dado  que  o  perímetro  do  triângulo  é 6 cm,  a  medida  da  área sombreada da figura, em cm2, é:', '20', 13);
INSERT INTO question(id, answer, images, options, subtitle, initial_text, text, number, test_id) values (508, '', '', '||A:#@||B:#@||C:#@||D:#@||E:#@', '', '', 'Ana  coleciona  figurinhas  para  colar  no  álbum  da  Copa  do  Mundo.  Se  ela  ganhasse mais 24 não  repetidas, ficariam faltando      do álbum para completar a coleção. Sabendo que um álbum completo tem 682 figurinhas, calcule quantas Ana possui agora.', '21', 13);
INSERT INTO question(id, answer, images, options, subtitle, initial_text, text, number, test_id) values (509, '', '', '||A:e    .#@||B:e    .#@||C:e    .#@||D:e    .#@||E:#@', '', '', 'Sabendo que   satisfaz a equação                      , os valores reais de   que satisfazem a equação              são:', '22', 13);
INSERT INTO question(id, answer, images, options, subtitle, initial_text, text, number, test_id) values (510, '', '', '||A:.#@||B:.#@||C:.#@||D:.#@||E:.#@', '', '', 'A soma dos valores de   e   que satisfazem o sistema de equações a seguir é:', '23', 13);
INSERT INTO question(id, answer, images, options, subtitle, initial_text, text, number, test_id) values (511, '', '', '||A:1.#@||B:2019.#@||C:2020.#@||D:4039.#@||E:4040.#@', '', '', 'Ao considerar           e          , o valor da expressão                          é:', '24', 13);
INSERT INTO question(id, answer, images, options, subtitle, initial_text, text, number, test_id) values (512, '', '', '||A:m#@||B:m#@||C:m#@||D:m#@||E:m#@', '', '', 'Um barbeiro B segura um espelho plano E2, de espessura desprezível, paralelamente a outro espelho plano E1, também de espessura desprezível, permitindo que seu cliente A observe, no espelho E1, o seu corte de cabelo na parte posterior da cabeça.   Determine  a  menor  distância  entre  o  cliente  e  a imagem  que  ele  observa  da  sua  nuca  no  espelho E1, considerando que a cabeça do cliente também possui dimensões desprezíveis.', '25', 13);
INSERT INTO question(id, answer, images, options, subtitle, initial_text, text, number, test_id) values (513, '', '', '||A:#@||B:#@||C:#@||D:#@||E:#@', '', '', 'Após a partida de futebol disputada entre Brasil e México, durante a Copa do Mundo de 2018, circulou, pelo WhatsApp e  pelo Facebook,  um  vídeo  em  que  um  torcedor,  numa  praça  pública,  acompanhava essa partida através do seu rádio e comemorou o gol do Brasil 3 segundos antes dos demais torcedores que acompanhavam a partida somente por meio do telão instalado na mesma praça pública.   https://miltonjung.com.br/2018/07/03/golouvidonoradioebemmaisrapido/.  Acesso em: 01/09/2018. Torcedor  com  o  rádio  comemora  o  gol antes dos demais. Processo Seletivo COTUCA 2019  17   Essa diferença de tempo na comemoração do gol devese ao fato de as ondas televisivas (imagem + som), apesar de se propagarem no ar com a mesma velocidade que as ondas de rádio, levarem mais tempo para ir do estádio  até  a  televisão.  Isso  acontece, pois, durante  o  processo  de  transmissão, as  ondas  televisivas são compactadas e descompactadas para que possam ser ouvidas e vistas com melhor qualidade no televisor, o que não acontece com as ondas recebidas pelo rádio, por meio do qual as informações chegam ao ouvinte quase que simultaneamente ao evento esportivo.  Supondo   que   a   distância aproximada entre   Brasil   e   Rússia   seja de 15.000   km   e   que as   ondas eletromagnéticas  viajem pelo  ar  com  uma  velocidade  constante  de  3  x 108 m/s, qual    o  número  de  vezes que  a distância  entre  Brasil  e  Rússia poderia  ter  sido  percorrida  pelas  ondas  de  rádio  durante  o  atraso  de  3 segundos das ondas televisivas?', '26', 13);
INSERT INTO question(id, answer, images, options, subtitle, initial_text, text, number, test_id) values (514, '', '', '||A:.#@||B:.#@||C:.#@||D:.#@||E:#@', '', '', 'Três recipientes idênticos encontramse num mesmo local e contêm porções de água pura (  ,    e   ) no estado líquido. Essas porções são aquecidas por uma mesma fonte de calor de potência constante.  O gráfico a seguir apresenta um esboço do comportamento da temperatura dessas três porções de água com o passar do tempo de aquecimento.   A partir do gráfico, podemos afirmar que a relação entre as massas das três porções de água é:', '27', 13);
INSERT INTO question(id, answer, images, options, subtitle, initial_text, text, number, test_id) values (515, '', '', '||A:A  competição  interespecífica  entre  abelhas  e  outros  insetos  favorece  a  polinização  nos  sistemas agroflorestais.#@||B:As   interações   ecológicas   em   sistemas   agroflorestais   são   mais   escassas,   porém   mais   eficientes, melhorando a polinização.#@||C:Os sistemas agroflorestais propiciam um aumento de relações ecológicas, de alimento para as abelhas ao longo do ano, e de mais locais para nidificação.#@||D:O  mutualismo  é  intensificado  em  sistemas  agroflorestais em  que as  plantas  cultivadas alimentam as abelhas e a floresta lhes dá abrigo.#@||E:Os  sistemas  agrícolas  convencionais, quando  convertidos  em  agroflorestais,  propiciam  um  aumento do#@', '', '', 'As abelhas são responsáveis pela polinização de cerca de 70% das plantas para a alimentação humana. Ao mesmo  tempo,  elas  estão  entre  as  principais  vítimas  dos  sistemas  agrícolas  convencionais.  Alguns  estudos mostram  que  sistemas  agroflorestais  ou  a preservação  de  vegetação  próxima  às  plantações  melhoram a polinização da cultura.  Adaptado de https://www.embrapa.br/buscadenoticias/-/noticia/27126913/importanciadasabelhasparaaproducao -dealimentosfoitemademesaredondanocongressodeagroecologia-2017. Acesso em: 10/08/2018.   Qual das alternativas indica a hipótese mais adequada para explicar a melhora da polinização citada no texto?', '28', 13);
INSERT INTO question(id, answer, images, options, subtitle, initial_text, text, number, test_id) values (516, '', '', '||A:os anticorpos da vacina    imunização os linfócitos difteria#@||B:os antígenos do soro imunidade os linfócitos sinusite#@||C:os anticorpos dos linfócitos vacinação a vacina poliomielite#@||D:o soro dos aglutinogênios erradicação os linfócitos sarampo#@||E:os anticorpos da vacina imunização os eritrócitos herpes#@', '', '', 'Com base nos quadrinhos, complete as frases a seguir de forma adequada.   I – As   balas, no   segundo   quadrinho, representam _______________.    II – O  aviso  pregado  na  parede  é o  efeito,  no  corpo, ______________.     III – O processo pelo qual o organismo passa, ao enfrentar e vencer essas batalhas, é chamado de ________________.    IV – O     xerife,     no último     quadrinho,     simboliza ____________.   V – A ________________ pode ser alvo desse xerife.     http://dragoesdegaragem.com/cientirinhas/cientirinhas-35/. Acesso em: 18/08/2018.   I II III IV V', '29', 13);
INSERT INTO question(id, answer, images, options, subtitle, initial_text, text, number, test_id) values (517, '', '', '||A:Vasos lenhosos: transporte de seiva elaborada / Vasos liberianos: transporte de seiva bruta.#@||B:Xilema: transporte de seiva bruta / Floema: transporte de seiva elaborada.#@||C:Xilema: transporte de seiva elaborada / Floema: transporte de seiva bruta.#@||D:Parênquima: transporte de seiva bruta / Epiderme: transporte de seiva elaborada.#@||E:Vasos lenhosos: sustentação e armazenamento / Vasos liberianos: defesa contra patógenos.#@', '', '', 'O  enxerto  é  a  união  do  tecido  de  duas  plantas diferentes  e  pode  ser  feito  de  várias  maneiras. Uma das finalidades é quando o solo tem patógenos e só o  portaenxerto (é a planta que  vai  dar  suporte, fornecendo água e nutrientes) resiste às pragas, e a outra é  quando  se  quer  produzir  um  fruto  com  mais qualidade. A principal vantagem desse método é que o portaenxerto permite cultivos em regiões onde, em condições   normais, não   aconteceriam,   seja   por condições climáticas, seja pela presença de pragas. https://super.abril.com.br/mundoestranho/comosaofeitososenxertosdeplantas/. Acesso em: 26/08/2018. http://www.seedsnc.org/2016/12/graftingworkshopscion- exchange-12817/. Acesso em: 26/08/2018.  Assinale  a  alternativa  que  apresenta  corretamente  os  principais  tecidos  vegetais  que  serão  unidos  pela  técnica descrita nos textos, seguidos de suas respectivas funções.', '30', 13);
INSERT INTO question(id, answer, images, options, subtitle, initial_text, text, number, test_id) values (518, '', '', '||A:Considerando a descrição do animal acima, podemos afirmar que, seguramente, esse animal é ancestral dos cachorros atuais.#@||B:Se considerarmos que o animal descrito possuía corpo de réptil e porte de cachorro, é razoável imaginar que ele possui um ancestral comum aos répteis e aos mamíferos.#@||C:Com  certeza, tratase  de  um  animal  que,  durante  sua  evolução,  ao  utilizar  mais  os  dentes  para  predar, desenvolveuos até ficarem grandes.#@||D:Por  se  tratar  de  um  animal  que  evoluiu  de  um  réptil, em  ambiente mais  frio,  foi  desenvolvendo  pêlos, devido à necessidade de gerar calor nesse ambiente, até se tornar um mamífero.#@||E:A  espécie  considerada  não  pode  ter  tido  um  ancestral  réptil,  pois  répteis  só  surgiram  no  planeta  depois#@', '', '', 'Tinha cara de cachorro, corpo de jacaré, vivia  na região onde  hoje é  o Rio Grande do Sul e, até então,  era desconhecido  dos  cientistas.  Uma  nova  espécie  de  cinodonte - animal  que  está  no  grupo  dos  ancestrais  dos mamíferos - foi identificada a partir de fósseis de 230 milhões de anos atrás.   O  bicho  foi  denominado Siriusgnathus  niemeyerorum, em referência  à  estrela  Sirius,  a  mais  brilhante  da constelação  de  Cão  Maior,  e  ao  bruxo  Sirius  Black,  da  série  de  livros  "Harry  Potter",  que  se  transformava  em cachorro.  Esses  animais  eram  caracterizados por grandes  dentes,  lembrando  os  caninos  de  cachorros  (“cinodontes”  referese  a  "cão" e  "odontes", a  "dentes").  A  equipe  de  paleontólogos  da  Universidade  Federal  de  Santa  Maria (RS) encontrou crânios e mandíbulas de quatro exemplares do bicho. Adaptado de: https://noticias.uol.com.br/ciencia/ultimasnoticias/redacao/2018/08/31/fossildebicho- comcorpodereptileportedecachorroeencontradonors.htm. Acesso em: 30/08/2018.   Considerando as informações contidas no texto e seus conhecimentos sobre evolução, assinale a alternativa correta.', '31', 13);
INSERT INTO question(id, answer, images, options, subtitle, initial_text, text, number, test_id) values (519, '', '', '||A:2, 1 e 3.#@||B:3, 4 e 1.#@||C:1, 3 e 2.#@||D:1, 4 e 2.#@||E:2, 1 e 4.#@', '', '', 'O esquema  a  seguir  representa  órgãos  que  constituem  o  sistema  nervoso  central.  As  funções  de  memória, arco reflexo e equilíbrio são exercidas, respectivamente, por:', '32', 13);
INSERT INTO question(id, answer, images, options, subtitle, initial_text, text, number, test_id) values (520, '', '', '||A:Sim, a reprodução sexuada subentende a presença de relações sexuais com fecundação interna.#@||B:Sim, pois, embora os pássaros fêmea e macho produzam gametas, o macho não copula a fêmea.#@||C:Não, pois a reprodução assexuada só ocorre em microorganismos.#@||D:Não, pois a presença de gametas, por si só, já torna a reprodução sexuada.#@||E:Não,  pois, embora  os  pássaros  machos  não  possuam  órgão  copulador,  ocorre  compartilhamento  de#@', '', '', 'Um aluno, ao estudar a reprodução do canáriodoreino, um pássaro canoro, descobriu que os machos desse grupo  animal  não  possuem  órgão  copulador,  como  pênis.  O  aluno  deduziu,  com  isso,  que  os  pássaros  fazem reprodução assexuada. Com base em seus conhecimentos, você poderia dizer que o aluno está correto?', '33', 13);
INSERT INTO question(id, answer, images, options, subtitle, initial_text, text, number, test_id) values (521, '', '', '||A:Transformamse em fio, alta toxicidade, ser maleável.#@||B:Transformamse em chapa, inflamável, conduz eletricidade.#@||C:Transformamse em fio, enferrujam, quebradiço.#@||D:Brilho, maleabilidade, ductibilidade.#@||E:Não possuem brilho, ser dúctil, ser maleável.#@', '', '', 'A grande aplicabilidade dos metais pode ser associada as suas propriedades gerais. Das alternativas abaixo, assinale a que melhor descreve essas propriedades.', '34', 13);
INSERT INTO question(id, answer, images, options, subtitle, initial_text, text, number, test_id) values (522, '', '', '||A:Isotopia.#@||B:Isobaria.#@||C:Isotonia.#@||D:Isomeria.#@||E:Alotropia.#@', '', '', 'As diferentes formas de organização dos átomos de um elemento químico permitem configurações bastante distintas de propriedades  físicas  e  químicas. De  acordo  com  o  texto,  o estanho  pode  apresentar  três  formas. Assinale a alternativa que descreve este fenômeno.', '35', 13);

INSERT INTO question(id, answer, images, options, subtitle, initial_text, text, number, test_id) values (523, '', '', '||A:o homem ao centro já conhecia os soldados antes de chegarem à ilha.#@||B:a palavra “tipo” tem sentidos diferentes para o soldado e para o homem ajoelhado.#@||C:o armamento usado pelos soldados é necessário para a defesa deles.#@||D:o homem vestido só de bermuda está muito doente, por isso foi exilado de seu país.#@||E:a palavra “civilização” tem sentidos diferentes para o soldado e para o homem ajoelhado.#@', '', '', 'A interpretação da imagem e dos diálogos, em conjunto, sugere que:', '1', 14);
INSERT INTO question(id, answer, images, options, subtitle, initial_text, text, number, test_id) values (524, '', '', '||A:o sujeito do verbo “existe” poderia ser expresso pelo pronome “ele”.#@||B:o sujeito do verbo “existe” poderia ser expresso pelo substantivo “arma”.#@||C:o complemento do verbo “existe” não pode ser entendido pelo contexto da frase.#@||D:as exclamações indicam o nervosismo do personagem diante do pedido do homem.#@||E:em “Somos nós a civilização!”, há uma inversão na ordem direta entre sujeito e verbo.#@', '', '', 'Sobre a construção da fala do soldado:', '2', 14);
INSERT INTO question(id, answer, images, options, subtitle, initial_text, text, number, test_id) values (525, '', '', '||A:O texto de Drummond é criticado pelo de Sérgio Vaz, o que se observa no verso “há pedras demais em nossos caminhos”, contrapondo “tinha uma pedra”.#@||B:O  texto  de  Sérgio  Vaz,  por  ter  sido  publicado  em  uma  rede  social,  apresenta  problemas de  ortografia, como no uso de “há” ao invés de “á”.#@||C:Os  textos  são  construídos  no  formato  de  um  poema,  embora  o  de  Sérgio  Vaz  tenha  características também de uma carta, e o de Drummond assemelhese a um relato pessoal.#@||D:O verbo “tinha”, do texto de Drummond, tem  sentido  semelhante ao do verbo “há”, do poema de Sérgio Vaz, mas este último, por ser mais recente, é mais informal.#@||E:O texto de Sérgio Vaz, apesar de ter sido publicado em uma rede social, apresenta um vocabulário mais#@', '', '', 'O  texto  de  Sérgio  Vaz  foi  escrito  inspirado  no  de  Carlos  Drummond  de  Andrade.  Analise  qual  das alternativas a seguir melhor se refere à relação estabelecida entre os dois textos.', '3', 14);
INSERT INTO question(id, answer, images, options, subtitle, initial_text, text, number, test_id) values (526, '', '', '||A:No texto de Sérgio Vaz, é possível observar verbos conjugados no presente do indicativo, que se referem ao sofrimento causado por elementos característicos da vida do eu lírico.#@||B:No  texto  de  Drummond,  o  eu  lírico  usa  verbos  no  pretérito  imperfeito  do  indicativo,  alegrandose  por  se lembrar de dificuldades que não têm mais influência em sua vida.#@||C:No texto de Drummond, o verbo “esquecerei”, no futuro  do  presente  do  indicativo,  indica  que  as  pedras terão influência apenas no futuro do eu lírico.#@||D:Além de verbos no infinitivo, o texto de Sérgio Vaz usa um imperativo em “viver”, indicando que, apesar das dificuldades, é preciso continuar vivendo.#@||E:O verbo  “há”,  no  texto  de  Sérgio  Vaz,  assim  como  o  verbo  “tinha”,  no  texto  de  Drummond,  indicam#@', '', '', 'Observe os tempos verbais apresentados nos dois textos e escolha a alternativa que melhor os analisa.', '4', 14);
INSERT INTO question(id, answer, images, options, subtitle, initial_text, text, number, test_id) values (527, '', '', '||A:não apresenta algumas características principais dele, como a relação entre os ingredientes e o modo de preparo.#@||B:a estrutura desse texto tem objetivos muito diferentes das receitas comuns, já que a “Receita de escrita” não tem um produto final.#@||C:estabelece  relações  com  outros  gêneros  textuais, especialmente  com  as narrativas  que  se  inspiram  no cotidiano, como em uma crônica.#@||D:características de um diário são apresentadas, como se a autora registrasse seu percurso para escrever os textos do livro.#@||E:alguns trechos retomam características próprias de reflexões apresentadas em contos.#@', '', '', 'O texto é apresentado no formato do gênero receita, mas:', '5', 14);
INSERT INTO question(id, answer, images, options, subtitle, initial_text, text, number, test_id) values (528, '', '', '||A:Repetir,  de  diferentes  formas,  uma  mesma  reflexão  necessária  para  a  escrita  e  compreensão  de  textos como os do livro.#@||B:Provocar no leitor da apresentação do livro reflexões sobre aspectos diferentes e fundamentais dos textos publicados na sequência.#@||C:Provocar no leitor curiosidade para buscar as respostas a elas nos textos do livro, conhecendo mais sobre si mesmo.#@||D:Indicar reflexões necessárias para se escrever uma narrativa em versos, com reflexões pessoais, como os contos que foram publicados no livro.#@||E:Indicar  de forma envolvente o passoapasso necessário para a escrita de narrativas curtas, como as de#@', '', '', 'A  autora  apresenta  diferentes frases interrogativas ao longo de sua “Receita de escrita”. Qual o objetivo principal delas?', '6', 14);
INSERT INTO question(id, answer, images, options, subtitle, initial_text, text, number, test_id) values (529, '', '', '||A:Os dois períodos poderiam ser escritos em um só, sendo necessária a substituição da conjunção “e” por “e então”.#@||B:Os dois períodos poderiam ser escritos em um só, sendo necessária a substituição da conjunção “e” por uma vírgula seguida de “e então”.#@||C:Em um texto não literário, provavelmente o ponto seria substituído por uma vírgula, para que a construção fosse mais fluida.#@||D:A  separação  dos  dois  períodos  por  um  ponto  é inadequada para textos  literários.  A  leitura  seria  mais fluida, caso o ponto fosse substituído por uma vírgula.#@||E:A construção do trecho com dois períodos tem caráter literário e, portanto, seria também adequada a um#@', '', '', 'Escolha  a  alternativa  que  melhor  analisa a  construção  do  trecho  “Volte  à  foto,  que  estava  separada.  E responda: que história ela conta?”.', '7', 14);
INSERT INTO question(id, answer, images, options, subtitle, initial_text, text, number, test_id) values (530, '', '', '||A:O verbo “provoca” está conjugado no singular, mas deveria estar no plural (“provocam”), para concordar com “lembranças”.#@||B:O verbo “retrato” é usado como sinônimo do substantivo “foto”.#@||C:A palavra “delas” não estabelece concordância gramatical ou relação de sentido com nenhum outro termo desse trecho.#@||D:A palavra “delas” estabelece uma  relação  de  sentido,  mas  não uma  concordância  gramatical  no  trecho reproduzido.#@||E:A palavra “que” em “Que retrato” poderia ser substituída por “qual”, mas, nesse caso, provocaria  uma#@', '', '', 'Releia  este  trecho  inicial  do texto: “Pense primeiro: qual é minha foto preferida? Qual delas me provoca lembranças  especiais?  Que  retrato  traduz  um  momento  importante  de  minha  vida?”.  Sobre  as construções estabelecidas nele, assinale a alternativa correta.', '8', 14);
INSERT INTO question(id, answer, images, options, subtitle, initial_text, text, number, test_id) values (531, '', '', '||A:construções  feitas  sem  projetos  de  engenheiros  não  eram  utilizadas  para  moradia  e  não  poderiam  ser chamadas de casa.#@||B:o local escolhido para a construção do rancho não era adequado a uma moradia.#@||C:as  construções  do  caipira  são  muito  feias,  apesar  de  bem  finalizadas  para  uma  moradia, e  não  seriam obra da natureza que, tem apenas produções belas.#@||D:a moradia do caipira e de sua família era, primordialmente, um local de adoração de santos, que tinham local especial na parede de barro.#@||E:Monteiro Lobato deprecia as construções feitas pelos caipiras.#@', '', '', 'Monteiro Lobato, apresentado como uma voz narrativa, em uma de suas ponderações, analisa: “Em três dias uma choça, que por eufemismo chamam casa, brota da terra como um urupê”. A utilização de “eufemismo” nesse período indica que:', '9', 14);
INSERT INTO question(id, answer, images, options, subtitle, initial_text, text, number, test_id) values (532, '', '', '||A:como  fator  primordial  para  a  construção  das  personagens  caipiras,  tendo  em  vista  que  a  linguagem  é constituinte da nossa identidade.#@||B:em decorrência dos estudos do autor para uma maior fidelidade com um dialeto que percorre igualmente todo o Brasil.#@||C:como  fator  importante  para  a  construção  da  imagem  do  povo  brasileiro,  sendo  uma  obra  de  crítica  à desigualdade social.#@||D:como  representação  da  variedade  histórica  da  língua,  que  se  modifica  ao  longo  do  tempo,  de  geração para geração.#@||E:em decorrência da utilização do vocabulário caipira, que dificulta a comunicação entre as personagens.#@', '', '', 'A utilização do chamado dialeto caipira na obra acontece:', '10', 14);
INSERT INTO question(id, answer, images, options, subtitle, initial_text, text, number, test_id) values (533, '', '', '||A:variação  regional,  em  que mudanças  na  linguagem  ocorrem  de  acordo  com  a  localidade  dos  grupos falantes.#@||B:variação histórica, em que mudanças na  linguagem ocorrem de acordo com o contexto histórico em que se situam os grupos falantes.#@||C:variação resultante dos estudos dos falantes, em que mudanças na linguagem ocorrem de acordo com o grau de instrução dos grupos falantes.#@||D:variação resultante das diferentes idades dos falantes, em que mudanças na linguagem ocorrem pelo uso de gírias.#@||E:variação  dos  estudos  dos  falantes,  em  que mudanças  na  linguagem  ocorrem  pelo  uso  de  contrações,#@', '', '', 'Sobre  a  composição  da  peça,  Soffredini  afirmou,  em  depoimento,  que,  por  não  ser  caipira,  e  usar  a linguagem urbana, litorânea, precisou estudar muito para compor as falas da peça. Na construção das falas das personagens da obra, temos representada a:', '11', 14);
INSERT INTO question(id, answer, images, options, subtitle, initial_text, text, number, test_id) values (534, '', '', '||A:O sentido poético do texto está centrado na palavra “vida”, que pode ser interpretada como o cotidiano ou como a duração entre o nascimento e a morte.#@||B:A  ambiguidade  é  desfeita  no  texto  pela  palavra  “um”,  que  particulariza  as  interpretações  que  seriam possíveis para a palavra “emaranhado”.#@||C:A palavra “emaranhado” indicaria a compreensão de “nós” como um substantivo concreto, se a palavra “vida” não pudesse ser interpretada como cotidiano.#@||D:O  sentido  poético  do  texto  está  centrado  na  palavra  “um”,  que  pode  ser  interpretada  como  pronome indefinido ou como numeral.#@||E:O sentido poético do texto está centrado na palavra “nós”, que pode ser interpretada como uma manobra#@', '', '', 'Muitos  textos  apresentam  a ambiguidade  como  um  recurso  para  explorar  sentidos  poéticos.  Com  ela,  é possível  contrapor  sentidos  muito  diferentes  em  um  mesmo  contexto  e  criar,  por  exemplo,  ironia  ou  humor.  O cartaz a seguir apresenta esse efeito:  Escolha a alternativa que melhor interpreta esse cartaz.', '12', 14);
INSERT INTO question(id, answer, images, options, subtitle, initial_text, text, number, test_id) values (535, '', '', '||A:30#@||B:32#@||C:34#@||D:36#@||E:38#@', '', '', 'No Brasil, o número 푁 de um calçado é calculado, aproximadamente, pela fórmula 푁= 53 ∙푐 − 5, onde 푐 é o comprimento (em cm) do pé. Qual é o número de calçado mais indicado para uma pessoa cujos pés possuem 22 cm de comprimento?', '13', 14);
INSERT INTO question(id, answer, images, options, subtitle, initial_text, text, number, test_id) values (536, '', '', '||A:26/5#@||B:38/5#@||C:42/5#@||D:68/5#@||E:74/5#@', '', '', 'Determine o valor da expressão E = 25+ 214 ∙ 8734 − 13', '14', 14);
INSERT INTO question(id, answer, images, options, subtitle, initial_text, text, number, test_id) values (537, '', '', '||A:40≤푁<52#@||B:52≤푁<64#@||C:64≤푁<76#@||D:76≤푁<88#@||E:88≤푁<100#@', '', '', 'Para  uma  festa  de  casamento, foram  comprados 560 doces.  Essa  quantia  era  suficiente  para  dividilos igualmente  entre  todos  os  convidados.  No  dia  do  casamento, 10 pessoas  não  puderam  comparecer,  fazendo com  que  cada  convidado  recebesse 1 doce  a  mais.  Se N é o número  que  representa  o  total  de  pessoas  que foram convidadas para a festa, então:', '15', 14);
INSERT INTO question(id, answer, images, options, subtitle, initial_text, text, number, test_id) values (538, '', '', '||A:.  Sendo assim, vamos à conta final, usando como exemplo um local sem incidência de sol, de 15 m2, cujo uso é de duas pessoas:  600∙15+600=9600 BTU  Adaptado de http://www.leroymerlin.com.br/dicas/aprendaacalcularosbtusdoarcondicionado Acesso em 28/07/2017.  Segundo as informações acima, qual deve ser a capacidade do aparelho de ar condicionado (em BTU) para um local com incidência de sol, de 30 m2, cujo uso é de quatro pessoas? a) 19.800#@||B:20.400#@||C:24.800#@||D:26.400#@||E:27.200#@', '', '', 'Leia o texto a seguir.  Na hora  de  adquirir  um  ar  condicionado,  você certamente  ouvirá  falar  de  BTU e  de  sua  importância  técnica. Mas, afinal, o que é BTU? Essas três letras significam British Thermal Unit ou Unidade Térmica Britânica, medida que determina a potência de refrigeração de cada aparelho de ar condicionado.  Esse  dado  garantirá  que  o  seu  equipamento  refrigere  de  maneira  adequada  o  local  onde  será  instalado,  de acordo com a área, número de ocupantes do local e incidência solar. Assim, você evita gastar dinheiro com um ar condicionado muito potente para o seu espaço ou um aparelho com desempenho abaixo do necessário.  Para refrigerar um cômodo, são necessárias 600 ou 800 BTU por metro quadrado. Você deve usar a base de 600 BTU quando o ambiente não tiver incidência de sol. Já as 800 BTU devem ser consideradas em locais onde há incidência solar diariamente.  Devese,  na  sequência,  medir  o  cômodo  em  que  o ar  condicionado ficará  instalado.  Recomendase,  então, somar 600 BTU (ou 800 BTU,  se  houver  incidência  de  sol)  a  cada  usuário  adicional  do  espaço  (o  primeiro  não cont', '16', 14);
INSERT INTO question(id, answer, images, options, subtitle, initial_text, text, number, test_id) values (539, '', '', '||A:28+16√3#@||B:24+8√3#@||C:16+12√3#@||D:18+20√3#@||E:22+14#@', '', '', 'Se √푥=1+√3, qual é o valor de 푥2 ?', '17', 14);
INSERT INTO question(id, answer, images, options, subtitle, initial_text, text, number, test_id) values (540, '', '', '||A:8#@||B:9#@||C:10#@||D:12#@||E:15#@', '', '', 'Em uma festa de aniversário, o número de adultos era igual a 60% do número de crianças. Após a chegada de  mais 12 crianças  e 4 adultos,  o  número  de  crianças  passou  a  ser  o  dobro  do  número  de  adultos. Depois disso, o total de pessoas presentes na festa (crianças e adultos) é um número cuja soma dos algarismos é igual a:', '18', 14);
INSERT INTO question(id, answer, images, options, subtitle, initial_text, text, number, test_id) values (541, '', '', '||A:R$200,00#@||B:R$225,00#@||C:R$240,00#@||D:R$275,00#@||E:R$375,00#@', '', '', 'O valor total da conta de energia elétrica de uma residência, de agosto de 2017, foi de R$300,00. Sabese que o valor total da conta é o valor do consumo acrescido de um imposto, que corresponde a 25% do valor total da conta. Qual foi o valor do consumo referente à conta de agosto de 2017?', '19', 14);
INSERT INTO question(id, answer, images, options, subtitle, initial_text, text, number, test_id) values (542, '', '', '||A:4.576#@||B:4.368#@||C:4.160#@||D:2.288#@||E:2.080#@', '', '', 'Um  dos  aspectos mais  importantes para  construção  de  uma casa  é  o  planejamento.  Esse  planejamento geralmente  começa  com  um  projeto  e,  com  ele  em  mãos,  dáse  início  à  construção.  No  planejamento, estão descritos itens como compra de materiais, administração de mão de obra ou outras atividades que fazem parte da etapa de construção.  Quando se trata de uma mão de obra muito grande, o engenheiro ou o mestre de obras fica encarregado de realizar  o cálculo dos materiais que serão usados para a construção. Por exemplo, é sempre bom ter o cálculo de telhas que serão usadas para não correr o risco de sobrar ou então de faltar o material necessário.  Adaptado de http://www.tudoconstrucao.com/quantastelhasusasepormetroquadrado/ Acesso em 28/07/2017.   Considere que, para a construção do telhado da ilustração acima: • as medidas indicadas são: H = 5 m, A = 12 m e C = 10 m; • serão usadas telhas romanas, semelhantes às da ilustração, na disposição de 16 peças por metro quadrado; • é recomendado que sejam adquiridos 5% de telhas a mais para recortes e eventuais quebras no transporte e manuseio. Segundo os critérios acima, qual será o menor número de telhas romanas que deve ser adquirido?', '20', 14);
INSERT INTO question(id, answer, images, options, subtitle, initial_text, text, number, test_id) values (543, '', '', '||A:12(푥 + 푦)#@||B:12(푥 − 푦)#@||C:12푥푦#@||D:푥푦2(푥 − 푦)#@||E:#@', '', '', 'Simplificando a expressão algébrica 퐸=   푥22 – 푥푦 +   푦22(푥2 − 푦2)(푥 − 푦) , com 푥≠±푦, obtemos:', '21', 14);
INSERT INTO question(id, answer, images, options, subtitle, initial_text, text, number, test_id) values (544, '', '', '||A:25/6#@||B:25/9#@||C:3/25#@||D:–6/25#@||E:−9/25#@', '', '', 'Sejam 푥1 e 푥2 as raízes da equação 5푥2+7푥−6=0, sendo 푥1>푥2. Qual é o valor da potência (푥1)푥2?', '22', 14);
INSERT INTO question(id, answer, images, options, subtitle, initial_text, text, number, test_id) values (545, '', '', '||A:28#@||B:36#@||C:42#@||D:54#@||E:60#@', '', '', 'Calcule o valor da expressão 퐸=4푥+2푦 , considerando (푥,푦) a solução do sistema: {    푥+푦2=푥−푦3푒 푥5=푦+6', '23', 14);
INSERT INTO question(id, answer, images, options, subtitle, initial_text, text, number, test_id) values (546, '', '', '||A:12 cm2#@||B:14 cm2#@||C:15 cm2#@||D:16 cm2#@||E:18 cm#@', '', '', 'Na figura abaixo, temos um retângulo inscrito em uma circunferência. Se esse retângulo tem área de 24 cm2 e perímetro de 20 cm, qual é o valor da área sombreada? Utilize a aproximação  = 3.', '24', 14);
INSERT INTO question(id, answer, images, options, subtitle, initial_text, text, number, test_id) values (547, '', '', '||A:#@||B:#@||C:#@||D:#@||E:#@', '', '', 'O gráfico a seguir representa a variação da posição de um móvel em uma trajetória retilínea em função do tempo, no intervalo de 0 a 11 s.  O gráfico que melhor representa a velocidade desse móvel, nesse mesmo intervalo, é:', '25', 14);
INSERT INTO question(id, answer, images, options, subtitle, initial_text, text, number, test_id) values (548, '', '', '||A:1000#@||B:600#@||C:500#@||D:360#@||E:300#@', '', '', 'Três crianças brincam de cabo de guerra. A competição acontece numa arena circular, onde três cordas estão fortemente unidas através de um nó que, no início da brincadeira, encontrase no centro da arena.  A  arena  foi  dividida  radialmente  em  três  partes  iguais,  onde  cada  criança  pode  se  locomover,  aplicando  uma força radial na extremidade livre da corda.  Num determinado momento, as crianças perceberam que, na formação desenhada abaixo, conseguiam manter o jogo equilibrado.   Se  nessa  formação, em  que o  jogo  permanece  equilibrado,  as  crianças  A  e  B  fazem  respectivamente  uma tração  na  corda  de  680  N  e  320  N,  a  tração  exercida  pela  terceira  criança  (C),  no  momento  da  configuração apresentada no desenho, será, em N, de:', '26', 14);
INSERT INTO question(id, answer, images, options, subtitle, initial_text, text, number, test_id) values (549, '', '', '||A:A D#@||B:D A#@||C:B C#@||D:C B#@||E:C A#@', '', '', 'Um  aluno  do  COTUCA,  depois  de  um  árduo  dia  de  estudos,  vai  para  casa  e  pretende  dormir  cedo,  mas  um som fraco e irritantemente agudo de um mosquito que ronda a sua cabeça juntamente ao barulho forte e grave do motor de uma moto que passeia em frente à janela do seu quarto não permitem que ele descanse.  Os dois sons caracterizados no texto acima (o som emitido pelo mosquito e o som emitido pelo motor da moto) podem  ser  melhor  representados,  comparativamente,  por  quais  curvas  do  gráfico  da  intensidade  em  função  do tempo a seguir?    som emitido pelo mosquito som emitido pelo motor da moto', '27', 14);
INSERT INTO question(id, answer, images, options, subtitle, initial_text, text, number, test_id) values (550, '', '', '||A:endócrino, muscular, linfático e cardiovascular.#@||B:nervoso, endócrino, esquelético e excretor.#@||C:nervoso, muscular, excretor e cardiovascular.#@||D:nervoso, esquelético, cardiovascular e excretor.#@||E:endócrino, imunológico, excretor e cardiovascular.#@', '', '', 'Após o escândalo de doping da Rússia nas olimpíadas e paralimpíadas Rio 2016, a Federação Internacional de Atletismo considera anular todos os recordes mundiais registrados antes de 2005, baseados em alguns critérios.   O  doping  é  definido  como  a utilização  de  substâncias  ou  métodos  proibidos  capazes  de  promover  alterações físicas  e/ou  psíquicas  que  melhoram  artificialmente  o  desempenho  esportivo  do  atleta. Essas  drogas  ilícitas  podem diminuir   a   fadiga,   melhorar   velocidade,   estimular   batimentos   cardíacos,   diminuir   a   sensação   de   medo   e consequentemente melhorar a performance do atleta. Os métodos de controle de dopagem consistem em análise de urina  e/ou  sangue  com  a  finalidade  de  identificar  a  presença de  substâncias  ou  métodos  proibidos  pela  Agência Mundial Antidopagem. Adaptado de http://www.abcd.gov.br/perguntaserespostas Acesso em 25/07/2017.  Os sistemas do corpo humano que são afetados diretamente pela ação e pelas formas de detecção da dopagem descritas no texto são:', '28', 14);
INSERT INTO question(id, answer, images, options, subtitle, initial_text, text, number, test_id) values (551, '', '', '||A:1, meiose, embrião, mitóticas, mantém, haploide.#@||B:1, meiose, zigoto, mitóticas, mantém, diploide.#@||C:2, meiose, zigoto, mitóticas, aumentam, haploide.#@||D:1, mitose, embrião, meióticas, reduzem, diploide.#@||E:2, meiose, zigoto, meióticas, aumentam, haploide.#@', '', '', 'A partir do diálogo ao lado entre dois estudantes, complete as frases a seguir de forma adequada.  A  fecundação  é  a  união  de  dois  gametas  que  podem  ser  indicados em   _______.   Os   gametas   nos   humanos   são   formados   por ______________.    Após    a    fecundação    a    figura    4    indica    o ____________.  As  figuras  5,  6  e  7  são  o  resultado  de  divisões _____________,   que   ____________   o   número___________   de cromossomos das células.', '29', 14);
INSERT INTO question(id, answer, images, options, subtitle, initial_text, text, number, test_id) values (552, '', '', '||A:Veia cava superior – sangue arterial#@||B:Artéria aorta – sangue venoso#@||C:Artéria pulmonar – sangue venoso#@||D:Veia pulmonar – sangue venoso#@||E:Veia cava inferior – sangue arterial#@', '', '', 'Leia o texto a seguir.   O  coração  é  um  órgão muscular  oco,  envolto  por  um  saco  cheio  de  líquido  chamado  pericárdio,  localizado  no interior da cavidade torácica. Sua função é bombear o sangue oxigenado (arterial) proveniente dos pulmões para todo o  corpo  e  direcionar  o  sangue  desoxigenado  (venoso),  que  retornou  ao  coração,  até  os  pulmões,  onde  deve  ser enriquecido com oxigênio novamente. Adaptado de  http://saude.ig.com.br/coracao/ Acesso em 14/08/2017 .  Assinale a alternativa que  relaciona corretamente o vaso sanguíneo que chega  ou deixa o coração, com o tipo de sangue que carrega.', '30', 14);
INSERT INTO question(id, answer, images, options, subtitle, initial_text, text, number, test_id) values (553, '', '', '||A:trombopenia, ingestão de alimentos ricos em cálcio.#@||B:leucopenia, ingestão de alimentos ricos em vitaminas do complexo B.#@||C:anemia, ingestão de alimentos ricos em ferro.#@||D:escorbuto, ingestão de alimentos ricos em iodo.#@||E:leucocitose, ingestão de alimentos ricos em magnésio.#@', '', '', 'A  análise  do  exame  de  sangue  possibilita  detectarmos, respectivamente,  a  seguinte  doença  e  medida  de tratamento correspondente:', '31', 14);
INSERT INTO question(id, answer, images, options, subtitle, initial_text, text, number, test_id) values (554, '', '', '||A:e de urina tipo I em um exame de rotina e obteve os resultados que podem ser observados nas tabelas a seguir:   Hemograma (valores encontrados) Valores de  referência Eritrócitos 2,6∙106/mm3 3,8 - 4,8∙106/mm3 Plaquetas 250 mil/mm3 150,0 - 400,0 mil/mm3 Leucócitos  totais 8,09 mil/mm3 4,5 - 11,0 mil/mm3 Neutrófilos 4,28 mil/mm3 1,8 - 7,7 mil/mm3 Basófilos 0,08 mil/mm3 0,0 - 0,2 mil/mm3 Monócitos 0,35 mil/mm3 0,0 - 0,8 mil/mm3 Linfócitos  atípicos 3,21 mil/mm3 1,0 - 4,0 mil/mm3  Urina tipo I -  resultados parciais Resultados encontrados Valores/resultados de referência Glicose presente ausente Proteínas 0,05 g/L <0,15 g/L Corpos cetônicos ausentes ausentes Pigmentos biliares ausentes ausentes Nitrito negativo negativo Hemoglobina ausente ausente   31. A  análise  do  exame  de  sangue  possibilita  detectarmos, respectivamente,  a  seguinte  doença  e  medida  de tratamento correspondente: a) trombopenia, ingestão de alimentos ricos em cálcio.#@||B:leucopenia, ingestão de alimentos ricos em vitaminas do complexo B.#@||C:anemia, ingestão de alimentos ricos em ferro.#@||D:escorbuto, ingestão de alimentos ricos em iodo.#@||E:leucocitose, ingestão de alimentos ricos em magnésio.#@', '', '', 'Uma mulher foi submetida a exames de sangue (hemogram', '32', 14);
INSERT INTO question(id, answer, images, options, subtitle, initial_text, text, number, test_id) values (555, '', '', '||A:Após o fogo, as sementes sobrevivem, dando origem a um novo bioma no local.#@||B:Os animais conseguem sobreviver, pois ao migrarem para outros biomas não são ameaçados.#@||C:As plantas não dependem dos animais no seu ciclo de vida, portanto, após o fogo, podem voltar a ocupar o local.#@||D:Mesmo que os animais fujam do incêndio, eles também são prejudicados, perdendo abrigo e alimento.#@||E:Os animais que sobrevivem aos incêndios retornam ao local e conseguem sobreviver, mesmo que as plantas#@', '', '', 'Leia o quadrinho abaixo.  Disponível em http://hojeemdia.com.br/opini%C3%A3o/blogs/blogdolute-.366314?month=2&year=2017 Acesso em 14/08/2017.  Na figura, os animais se referem às plantas como coitadas por não apresentarem estruturas de locomoção, e, em incêndios, poderiam ser completamente destruídas. Ao que se refere à relação entre plantas e animais, analise as alternativas a seguir e assinale a mais adequada em relação ao tema.', '33', 14);
INSERT INTO question(id, answer, images, options, subtitle, initial_text, text, number, test_id) values (556, '', '', '||A:uma  dieta  rica  em  frutas  cítricas  (laranja,  limão  e  abacaxi,  por  exemplo)  e  bebidas  ácidas  colabora  com  a manutenção dos esmaltes dos dentes, associada à escovação após cada refeição.#@||B:os cremes dentais devem apresentar pH (escala de acidez), em geral, abaixo de 7, pois isso ajuda a manter a acidez da boca e diminui as chances de formação de cáries.#@||C:os cremes dentais devem apresentar pH (escala de acidez), em geral, acima de 7, pois isso ajuda a combater a acidez da boca e diminui as chances de formação de cáries.#@||D:a  boca  é  naturalmente  ácida  e  isso  impede  a  ação  das  bactérias,  diminuindo  seu  metabolismo  e  a consequente produção de ácidos.#@||E:a  boca  é  naturalmente  básica  e  isso  impede  a  ação  das  bactérias,  diminuindo  seu  metabolismo  e  a#@', '', '', 'Leia o texto a seguir. A  escovação  dos  dentes  após  as  refeições  e  visita  ao  dentista  regularmente  são  as  melhores  formas  para manter os dentes saudáveis. Isso evita o aparecimento das cáries dentárias que ocorrem por diversos fatores, tais como:  hábitos  alimentares, falta  de  higiene,  composição  da  saliva  e  colonização  bacteriana.  O  metabolismo dessas  bactérias  produz  ácidos  que  levam  à  corrosão  do  esmalte  dos  dentes.  Sabese  que  a  acidez  (o  pH)  da boca é em torno de 6,8.  Adaptado de Greyce A. Storgatto; Mara E. F. Braibante e HugoT. S. Braibante. –A química na odontologia. Química nova na escola. Vol. 39, Nº 1, p. 4-11. Fevereiro de 2017.   Uma forma mais fácil de verificar acidez e basicidade das substâncias é esta escala de pH:   A partir das informações acima, podemos afirmar que: Processo Seletivo COTUCA 2018  21', '34', 14);
INSERT INTO question(id, answer, images, options, subtitle, initial_text, text, number, test_id) values (557, '', '', '||A:ligação metálica e Fe; ligação iônica e NaCl e ligação covalente e C12H22O11.#@||B:ligação metálica e Fe; ligação covalente e C12H22O11 e ligação iônica e NaCl.#@||C:ligação iônica e C12H22O11; ligação metálica e NaCl e ligação covalente e Fe.#@||D:ligação iônica e NaCl; ligação metálica e Fe e ligação covalente e C12H22O11.#@||E:ligação covalente e C#@', '', '', 'Em  um  experimento, três amostras foram identificadas  com  números  de  1  a  3 e  foram  submetidas  a  testes quando estavam nos estados físicos líquido e sólido. Essas amostras podem ser de cloreto de sódio, ferro metálico e sacarose (açúcar - C12H22O11), não necessariamente nessa ordem. O  objetivo  desse  experimento  era  identificar  cada  uma  delas,  utilizando  um  circuito  elétrico,  como  o esquematizado a seguir.            Em  uma  tabela,  foi  anotado: “conduz”,  quando  a  lâmpada  acendia,  e  “não  conduz”,  quando  permanecia apagada. Dessa forma, foram obtidos os seguintes resultados:  Amostra Líquido Sólido 1 Conduz Conduz 2 Não conduz Não conduz 3 Conduz Não conduz   As ligações químicas e as substâncias das amostras de 1 a 3 podem ser, respectivamente:', '35', 14);

INSERT INTO question(id, answer, images, options, subtitle, initial_text, text, number, test_id) values (558, '', '', '||A:não é comum um enredo ter características brasileiras em histórias em quadrinhos.#@||B:o enredo da história em quadrinhos costuma ser brasileiro.#@||C:enredo não é um elemento característico de histórias em quadrinhos.#@||D:uma versão brasileira não é comum nos projetos de Joe e Alan.#@||E:não é de praxe um escritor brasileiro fazer histórias em quadrinhos.#@', '', '', 'Releia o seguinte trecho: “O enredo é o de praxe, mas a versão é brasileira”. Observando a conjunção “mas”, no contexto da matéria jornalística, podemos compreender que:', '1', 15);
INSERT INTO question(id, answer, images, options, subtitle, initial_text, text, number, test_id) values (559, '', '', '||A:o título antecipa uma descrição dos protagonistas do enredo da HQ.#@||B:o 4º parágrafo desenvolve informações apresentadas no 2º parágrafo.#@||C:o 1º parágrafo apresenta o que é inovador na HQ: superheróis salvarem o mundo.#@||D:o 5º parágrafo desenvolve informações apresentadas no 2º parágrafo.#@||E:o 1º parágrafo introduz um ponto de vista que será concluído no último parágrafo.#@', '', '', 'Sobre a construção do texto, podemos afirmar que:', '2', 15);
INSERT INTO question(id, answer, images, options, subtitle, initial_text, text, number, test_id) values (560, '', '', '||A:A HQ.#@||B:A empresa.#@||C:A agência.#@||D:A sugestão.#@||E:A dupla.#@', '', '', 'No  4º  parágrafo,  o  pronome  “ela”  poderia  ser  substituído,  sem  prejuízo  para  a  construção  original  do  texto, por:', '3', 15);
INSERT INTO question(id, answer, images, options, subtitle, initial_text, text, number, test_id) values (561, '', '', '||A:O acidente deixou em Márcio uma cicatriz proeminente na mão.#@||B:A musicalidade é característica proeminente na obra da poeta Alice Ruiz.#@||C:Em quadros de desnutrição, alguns pássaros apresentam o osso e#@||D:O Palácio do Planalto, em Brasília, foi projetado com uma rampa proeminente em sua fachada.#@||E:A sétima vértebra cervical também é conhecida como vértebra proeminente.#@', '', '', 'Assinale  a  alternativa  que  apresenta  a  palavra  “proeminentes”  com  sentido  semelhante por esse termo no 3º parágrafo do texto.', '4', 15);
INSERT INTO question(id, answer, images, options, subtitle, initial_text, text, number, test_id) values (562, '', '', '||A:“O Diário de Anne Frank” é um livro que agrada a todo o leitor.#@||B:Todo o cidadão deve ter acesso a educação e assistência médica de qualidade.#@||C:Marcos ouve um gênero diferente de música todos os dias#@||D:Os alunos gostavam de ao menos um assunto em todas matérias da escola.#@||E:A palestrante recebeu aplausos durante toda#@', '', '', 'De acordo com a gramática tradicional, há diferença quando os terou não dos artigos o(s) e a(s). Assim, “todo” é um pronome que indica qualquer, qualquer um, enquanto “todo o” indica o inteiro, algo por completo. Em qual alternativa a regra descrita é observada?', '5', 15);
INSERT INTO question(id, answer, images, options, subtitle, initial_text, text, number, test_id) values (563, '', '', '||A:o uso da palavra “constituindo”.#@||B:o uso do pronome “lhes”.#@||C:a apresentação do Google como fonte de consulta.#@||D:o uso da grafia “impelle”.#@||E:a referência ao amor como um sentimento da alma.#@', '', '', 'A ação expressa no segundo quadrinho da tirinha produz um efeito de sentido que ta', '6', 15);
INSERT INTO question(id, answer, images, options, subtitle, initial_text, text, number, test_id) values (564, '', '', '||A:O uso das iniciais “s. m.” e a apresentação de uma definição do verbete.#@||B:A apresentação da palavra “amor” em letras maiúsculas e o uso das iniciais “s. m.”.#@||C:O uso de uma linguagem culta e a apresenta#@||D:A apresentação de uma definição do verbete e o uso de diferentes adjetivos no texto.#@||E:O uso de diferentes adjetivos no texto e o uso das iniciais “s. m.”.#@', '', '', 'Quais características indicam que o livro lido', '7', 15);
INSERT INTO question(id, answer, images, options, subtitle, initial_text, text, number, test_id) values (565, '', '', '||A:A personagem concorda com a definição apresentada pelo dicionário.#@||B:A personagem julga que o Google é uma ferramenta mais verdadeira do que o dicionário.#@||C:A referência ao Google indica que a personagem não sabe consultar um dicionário.#@||D:A referência ao Google sugere que o dicionário e o amor são elementos ultrapassados.#@||E:A personagem supõe que o Google teria uma definição mais completa do que a do dicionário.#@', '', '', 'Google  é  uma  ferramenta  de  pesquisa  digital.  Por  ele,  podemos,  por  exemplo,  procurar  a  definição  de  uma palavra. Sabendo disso, assinale a alternativa que apresenta a interpretação mais adequada para a tirinha.', '8', 15);
INSERT INTO question(id, answer, images, options, subtitle, initial_text, text, number, test_id) values (566, '', '', '||A:metonímia,  já  que  os  “grafites”,  na  verdade,  simbolizam  as  pessoas  que  fazem  as  obras  nos  muros, representando as vozes de protesto contra os graves problemas de SP.#@||B:metáfora,  já  que  os  “grafites”  estão  representando os  gritos  de  protesto  das  pessoas  que  não  se conformam com os problemas de SP.#@||C:prosopopeia, já que os “grafites” aparecem como os autores dos protestos contra os problemas de SP.#@||D:hipérbole, já que “os grafites gritam” é uma forma de mostrar como os problemas de SP são emergenciais e em excesso.#@||E:comparação, já que os “grafites” são comparados àqueles que lutam por melhorias e resoluções para SP.#@', '', '', 'No  trecho  “Onde  os  grafites  gritam”  (verso  3),  há  uma  figura  de  linguagem  que  apresenta  a  animação de seres  inanimados.  A  classificação  CORRETA  dessa  figura  e  a  análise  de  sua  utilização  no  contexto  da  música são, respectivamente:', '9', 15);
INSERT INTO question(id, answer, images, options, subtitle, initial_text, text, number, test_id) values (567, '', '', '||A:à sociedade paulistana, que é muito consumista e vai muito aos bares para se exibir.#@||B:aos donos de bar que limitam a entrada apenas a pessoas mais ricas.#@||C:àqueles  que  não  possuem  religião  e  se  preocupam  apenas  em  sair  com  os  amigos  para  os  bares  da cidade de SP.#@||D:àqueles que valorizam o consumo e não o desenvolvimento pessoal.#@||E:à cidade de SP que, como se vê no título, não possui amor, apenas problemas.#@', '', '', 'No trecho “Os bares estão cheios de almas tão vazias/ A ganância vibra, a vaidade excita”, temos uma crítica:', '10', 15);
INSERT INTO question(id, answer, images, options, subtitle, initial_text, text, number, test_id) values (568, '', '', '||A:tristeza.#@||B:abominação.#@||C:arrogância.#@||D:ócio.#@||E:prazer.#@', '', '', 'Muitas  vezes,  durante  a  leitura  dos  mais  variados  gêneros  textuais,  encontramos  palavras  desconhecidas  e seu   significado   deve   ser   compreendido   pelo   contexto   em   que   elas   estão   inseridas.   Sendo   assim,   uma interpretação possível para “fel” (verso 15), nessa música, seria:', '11', 15);
INSERT INTO question(id, answer, images, options, subtitle, initial_text, text, number, test_id) values (569, '', '', '||A:“tão vazias”.#@||B:“os bares”.#@||C:“estão cheios”.#@||D:“de almas tão vazias”.#@||E:“cheios de almas”.#@', '', '', 'No  trecho  “Os  bares  estão  cheios  de  almas  tão  vazias”,  temos  a  presença  da  figura  de  linguagem denominada antítese. Ela  só é possível, no trecho reproduzido, pois há duas palavras que têm sentidos opostos, sendo uma sintaticamente complementar à outra. Assinale a alternativa que apresenta o termo complementar em que uma dessas palavras é encontrada.', '12', 15);
INSERT INTO question(id, answer, images, options, subtitle, initial_text, text, number, test_id) values (570, '', '', '||A:15#@||B:60#@||C:120#@||D:240#@||E:960#@', '', '', 'Uma  parede  retangular  com  2,4  m  de  altura  e  4  m  de  comprimento  será  revestida  com  azulejos  quadrados idênticos.  O  número  mínimo  necessário  de  azulejos  para  revestir  completamente  a  parede,  sem  que  haja sobreposição, recorte de azulejos nem, espaço entre eles, é:', '13', 15);
INSERT INTO question(id, answer, images, options, subtitle, initial_text, text, number, test_id) values (571, '', '', '||A:21% menor.#@||B:23% menor.#@||C:25% menor.#@||D:27% menor.#@||E:29% menor.#@', '', '', 'Um  supermercado  vende  pastilhas  em  duas  embalagens:  a  embalagem  tradicional,  com  30  pastilhas  ao preço R$ 2,10, e uma embalagem maior, com 100 pastilhas ao preço de R$ 5,40. O  preço  da  unidade  da pastilha,  na  embalagem  maior,  comparado  com  o  preço  da  unembalagem menor, é aproximadamente:', '14', 15);
INSERT INTO question(id, answer, images, options, subtitle, initial_text, text, number, test_id) values (572, '', '', '||A:70#@||B:75#@||C:80#@||D:85#@||E:90#@', '', '', 'Para  realizar  um  determinado  trabalho,  os  trabalhadores  A,  B  e  C,  individualmente, respectivamente. Juntos, em minutos, eles realizam o mesmo trabalho em:', '15', 15);
INSERT INTO question(id, answer, images, options, subtitle, initial_text, text, number, test_id) values (573, '', '', '||A:1º, 2º e 4º#@||B:3º, 4º e 5º#@||C:1º, 3º e 6º#@||D:1º, 3º e 5º#@||E:2º, 5º e 6º#@', '', '', 'Quais dos triângulos abaixo não existem? 1º) 4º)', '16', 15);
INSERT INTO question(id, answer, images, options, subtitle, initial_text, text, number, test_id) values (574, '', '', '||A:2#@||B:-1/4035#@||C:1/2#@||D:-1/2016#@||E:-1#@', '', '', 'A calculadora de Mariana tem uma tecla especial com o símbolo ♦. Se o visor mostra um número n diferente de 1, ao apertar ♦ aparece o valor  11-n. Se o número 2 estiver  escrito na tela  e apertarmos a tecla ♦ 2017 vezes, qual  número aparecerá no  visor da calculadora?', '17', 15);
INSERT INTO question(id, answer, images, options, subtitle, initial_text, text, number, test_id) values (575, '', '', '||A:1.440#@||B:1.620#@||C:1.800#@||D:1.881#@||E:2.400#@', '', '', 'Uma embalagem plástica  na forma de um paralelepípedo reto retângulo tem medidas externas  iguais  a 1 m de altura, 1,2 m de comprimento e 2 m de largura. Todas as suas laterais, o fundo e a tampa possuem espessura constante de 10 cm. O volume interno dessa embalagem é, em litros:', '18', 15);
INSERT INTO question(id, answer, images, options, subtitle, initial_text, text, number, test_id) values (576, '', '', '||A:1#@||B:2#@||C:3#@||D:4#@||E:5#@', '', '', 'Para  = 2,71 e  = 3,14, a expressão algébrica  =  ∙ vale:', '19', 15);
INSERT INTO question(id, answer, images, options, subtitle, initial_text, text, number, test_id) values (577, '', '', '||A:" ∈ ℝ/ > 13 5⁄)#@||B:" ∈ ℝ/ < 13 5⁄)#@||C:" ∈ ℝ/ > 1 5⁄)#@||D:" ∈ ℝ/ < 1 5⁄)#@||E:#@', '', '', 'O conjunto solução da inequação +  < 2 + 1, no conjunto dos números reais, é:', '20', 15);
INSERT INTO question(id, answer, images, options, subtitle, initial_text, text, number, test_id) values (578, '', '', '||A:5/4#@||B:27/5#@||C:27/4#@||D:24/5#@||E:25/4#@', '', '', 'Na  figura,  temos  o  trapézio  retângulo  ABCD  com  base  menor +,----=12 cm.  O  ponto  E  corresponde  ao  ponto  de  intersecção  das  diagonais  do  trapézio  ABCD.  Dado  que  as diagonais são perpendiculares, a medida do segmento', '21', 15);
INSERT INTO question(id, answer, images, options, subtitle, initial_text, text, number, test_id) values (579, '', '', '||A:4#@||B:5#@||C:6#@||D:7#@||E:8#@', '', '', 'Na  figura  abaixo,  a  garrafa  e  a  caneca  estão  equilibradaequilibrada com a caneca e o prato. Duas panelas estão em equilíbrio com três pratos. Quantas canecas é preciso colocar na região vazia para equilibrar a garrafa?', '22', 15);
INSERT INTO question(id, answer, images, options, subtitle, initial_text, text, number, test_id) values (580, '', '', '||A:0,325#@||B:0,625#@||C:1,2#@||D:1,25#@||E:1,6#@', '', '', 'A soma e o produto de dois números reais são, respectivamente, 8 e 5. A soma de seus inversos vale:', '23', 15);
INSERT INTO question(id, answer, images, options, subtitle, initial_text, text, number, test_id) values (581, '', '', '||A:16  4√3#@||B:16  14√3#@||C:16  9√3#@||D:36  4√3#@||E:26  9#@', '', '', 'Na  figura  a  seguir,  temos  um  triângulo  equilátero  ABC  de  lado  medindo  4  cm,  um  quadrado  BDEC  e  um trapézio  isósceles  DFGE,  com  base  maior polígono ABDFGEC.', '24', 15);
INSERT INTO question(id, answer, images, options, subtitle, initial_text, text, number, test_id) values (582, '', '', '||A:d)#@||B:e)#@||C:26.   Um  Angry  Bird (pássaro  que  é  personagem  de  um  jogo  e  de  desenhos animados)  de  massa verticalmente para cima, com velocidade inicial de módulo igual a tem intensidade g, de acordo com a figura abaixo.Adaptado de Angry bird yellow Icon. Disponível em O  Angry  Bird  sobe  até  atingir  a  altura  máxima  e  em seguida  desce,  retornando  a  sua  posição lançamento. Desprezando as forças dissipativas, é CORRETO o que se afirma em:a) O intervalo de tempo na subida é igual ao intervalo de tempo na descida.b) O intervalo de tempo na subida é maior que o intervalo de tempo na descida.c) O intervalo de tempo na subida é menor que o intervalo de tempo na descida.#@||D:b)   e)       c)       26.   Um  Angry  Bird (pássaro  que  é  personagem  de  um  jogo  e  de  desenhos animados)  de  massa verticalmente para cima, com velocidade inicial de módulo igual a tem intensidade g, de acordo com a figura abaixo.Adaptado de Angry bird yellow Icon. Disponível em O  Angry  Bird  sobe  até  atingir  a  altura  máxima  e  em seguida  desce,  retornando  a  sua  posição lançamento. Desprezando as forças dissipativas, é CORRETO o que se afirma em:a) O intervalo de tempo na subida é igual ao intervalo de tempo na descida.b) O intervalo de tempo na subida é maior que o intervalo de tempo na descida.c) O intervalo de tempo na subida é menor que o intervalo de tempo na descida.d) O intervalo de tempo na subida e na descida dependem da massa do Angry Bird.#@||E:#@', '', '', 'Um estudante ganhou uma camiseta idêntica à da figura a seguir:    Após vestir a camiseta, utilizando apenas a câmera fotográfica, ele resolveu tirar duas fotografias de si mesmo, tipo selfie, para publicar em uma rede social. Para tirar a primeira fotografia, ele posicionou a lente da câmera diretamente para si mesmo. Para tirar a segunda fotografia, ele ficou diante de um espelho plano, segurando a câmera, posicionandoa na direção do espelho e fotografou a imagem do espelho. Sabendo  que  nas  duas  fotografias  é  possível  ver  a  camiseta  inteira,  é  CORRETO  afirmar  que  as  imagens  da camiseta nas fotografias são, respectivamente:', '25', 15);
INSERT INTO question(id, answer, images, options, subtitle, initial_text, text, number, test_id) values (583, '', '', '||A:O intervalo de tempo na subida é igual ao intervalo de tempo na descida.#@||B:O intervalo de tempo na subida é maior que o intervalo de tempo na descida.#@||C:O intervalo de tempo na subida é menor que o intervalo de tempo na descida.#@||D:O intervalo de tempo na subida e na descida dependem da massa do Angry Bird.#@||E:O intervalo de tempo na subida e na descida dependem do tamanho e#@', '', '', 'Um  Angry  Bird (pássaro  que  é  personagem  de  um  jogo  e  de  desenhos animados)  de  massa verticalmente para cima, com velocidade inicial de módulo igual a tem intensidade g, de acordo com a figura abaixo.Adaptado de Angry bird yellow Icon. Disponível em O  Angry  Bird  sobe  até  atingir  a  altura  máxima  e  em seguida  desce,  retornando  a  sua  posição lançamento. Desprezando as forças dissipativas, é CORRETO o que se afirma em:', '26', 15);
INSERT INTO question(id, answer, images, options, subtitle, initial_text, text, number, test_id) values (584, '', '', '||A:aumenta a  tensão  da  tomada,  para  poder  dividisimultaneamente,  podemos  gerar  um  aumento  da  potência  do  multiplicador  e  da  tomada,  levando  ao funcionamento anormal dos aparelhos, ocasionando choques elétricos ou incê#@||B:diminui  a  tensão  da  tomada,  fazendo  com  que  cada  uma  das  suas  saídas  tenha  a  mesma  potência.  Ao ligarmos  vários  aparelhos  simultaneamente,  uma  corrente  elétrica  elevada  chega  aos  aparelhos,  o  que pode ocasionar choques elétricos ou explosões dos aparProcesso Seletivo(pássaro  que  é  personagem  de  um  jogo  e  de  desenhos animados)  de  massa verticalmente para cima, com velocidade inicial de módulo igual a v0, em um local onde a aceleração da gravidade , de acordo com a figura abaixo.  Disponível em http://www.iconarchive.com/show/angrybirdsiconsbyfemfoyou/angryAcessado em 10/9/2016.  O  Angry  Bird  sobe  até  atingir  a  altura  máxima  e  em seguida  desce,  retornando  a  sua  posição lançamento. Desprezando as forças dissipativas, é CORRETO o que se afirma em: O intervalo de tempo na subida é igual ao intervalo de tempo na descida. O intervalo de tempo na subida é maior que o intervalo de tempo na descida. po na subida é menor que o intervalo de tempo na descida. O intervalo de tempo na subida e na descida dependem da massa do Angry Bird.O intervalo de tempo na subida e na descida dependem do tamanho e da forma do Angry Bird.pela  Abracopel  (Associação  Brasileira  de  Conscientização  para  os  Perigos Elétricos), 627 pessoas morreram em decorrência de acidentes elétricos no Brasil, em 2014. No entanto, estimase  que  o  número  de  acidentes  seja  até  cinco  vezes  maior  do  que  o  registrado.  Acreditaprincipais  causas  para  esses  acidentes  seja  o  uso  excessivo  do multiplicador  de  tomadase, em alguns casos, benjamim), como mostra a imagem abaixo: Mundo da elétrica. Disponível em www.mundodaeletrica.com.br. Acessado em 25/8/2016afirmar que o multiplicador de tomadas: a  tensão  da  tomada,  para  poder  dividila  em  suas  saídas.  Ao  ligarmos  vários  aparelhos simultaneamente,  podemos  gerar  um  aumento  da  potência  do  multiplicador  e  da  tomada,  levando  ao funcionamento anormal dos aparelhos, ocasionando choques elétricos ou incêndio.diminui  a  tensão  da  tomada,  fazendo  com  que  cada  uma  das  suas  saídas  tenha  a  mesma  potência.  Ao ligarmos  vários  aparelhos  simultaneamente,  uma  corrente  elétrica  elevada  chega  aos  aparelhos,  o  que pode ocasionar choques elétricos ou explosões dos aparelhos. Processo Seletivo COTUCA 2017  13 (pássaro  que  é  personagem  de  um  jogo  e  de  desenhos animados)  de  massa m  é  lançado em um local onde a aceleração da gravidade femfoyou/angrybirdyellowicon.html. O  Angry  Bird  sobe  até  atingir  a  altura  máxima  e  em seguida  desce,  retornando  a  sua  posição inicial  de O intervalo de tempo na subida e na descida dependem da massa do Angry Bird. forma do Angry Bird. pela  Abracopel  (Associação  Brasileira  de  Conscientização  para  os  Perigos Elétricos), 627 pessoas morreram em decorrência de acidentes elétricos no Brasil, em 2014. No entanto, estimado.  Acreditase  ainda  que  uma  das multiplicador  de  tomadas (também  conhecido  8/2016. la  em  suas  saídas.  Ao  ligarmos  vários  aparelhos simultaneamente,  podemos  gerar  um  aumento  da  potência  do  multiplicador  e  da  tomada,  levando  ao ndio. diminui  a  tensão  da  tomada,  fazendo  com  que  cada  uma  das  suas  saídas  tenha  a  mesma  potência.  Ao ligarmos  vários  aparelhos  simultaneamente,  uma  corrente  elétrica  elevada  chega  aos  aparelhos,  o  que Processo Seletivo COTUCA 2017  14#@||C:mantém,  em  cada  uma  das  suas  saídas,  a  mesma  tensão  da  tomada.  Ao  ligarmos  vários  aparelhos simultaneamente,  podemos  causar  um  curtocircuito  na  tomada  ou  um  funcionamento  anormal  dos aparelhos e ocasionar incêndio.#@||D:aumenta   a   capacidade   da   tomada   e   a   divide   em   suas   saídas.   Ao   ligarmos   vários   aparelhos simultaneamente, podemos gerar uma sobrecarga no multiplicador e nos aparelhos e ocasionar choques elétricos.#@||E:mantém,  em  cada  uma  das  suas  saídas,  a  mesma  corrente  elétrica  da  tomada.  Ao  ligarmos  vários#@', '', '', 'Segundo  um  levantamento  feito pela  Abracopel  (Associação  Brasileira  de  Conscientização  para  os  Perigos Elétricos), 627 pessoas morreram em decorrência de acidentes elétricos no Brasil, em 2014. No entanto, estimase  que  o  número  de  acidentes  seja  até  cinco  vezes  maior  do  que  o  registraprincipais  causas  para  esses  acidentes  seja  o  uso  excessivo  do por T, Textensão e, em alguns casos,Mundo da elétrica.  É CORRETO afirmar que o multiplicador de tomadas:', '27', 15);
INSERT INTO question(id, answer, images, options, subtitle, initial_text, text, number, test_id) values (585, '', '', '||A:corpo celular → dendrito → axônio#@||B:dendrito → axônio → corpo celular#@||C:dendrito → corpo celular → axônio#@||D:axônio → corpo celular → dendrito#@||E:corpo celular → axônio → dendrito#@', '', '', 'Assinale  a  alternativa  na  qual  se  encontra  o  sentido  CORRETO  de  condução  do  impulso  nervoso  em  um neurônio humano.', '28', 15);
INSERT INTO question(id, answer, images, options, subtitle, initial_text, text, number, test_id) values (586, '', '', '||A:heterótrofos eucariontes e autótrofos procariontes.#@||B:heterótrofos eucariontes e autótrofos eucariontes.#@||C:autótrofos eucariontes e heterótrofos eucariontes.#@||D:heterótrofos procariontes e autótrofos eucariontes.#@||E:heterótrofos eucariontes e heterótrofos procariontes.#@', '', '', 'Animais  e  vegetais  apresentam  características  que  nos  permitem  distinguilos,  além  da  percepção  do  meio em   que   se   encontram.   Poderíamos,   então,   dizer   que   animais   e   vegetais   são   diferenciados   por   serem, respectivamente:', '29', 15);
INSERT INTO question(id, answer, images, options, subtitle, initial_text, text, number, test_id) values (587, '', '', '||A:hipófise – crescimento#@||B:pâncreas – controle da glicemia#@||C:tireoide – metabolismo#@||D:pineal – relógio biológico#@||E:paratireoide – controle do nível de cálcio sanguíneo#@', '', '', 'Os  neurotransmissores  permitem  a  comunicação  entre diferentes  neurônios  do  sistema  nervoso,  bem  como entre  neurônios  do  sistema  nervoso  e  órgãos  do  corpo  humano  denominados  efetuadores.  Entretanto,  tal comunicação não se faz exclusivamente por neurotransmissores. Existem glândulas que liberam uma substância que  é  transportada  até  um  órgão,  estimulando  ou  inibindo  sua  atividade.  Uma  dessas  substâncias  é  a  tiroxina. Dentre  as  alternativas  a  seguir,  assinale  a  que  contém  o que ela atua.', '30', 15);
INSERT INTO question(id, answer, images, options, subtitle, initial_text, text, number, test_id) values (588, '', '', '||A:anfíbia, insecta, insecta, asteroidea, cnidária.#@||B:chordata, insecta, arthopoda, cnidária, cnidária.#@||C:anfíbia, arthropoda, insecta, echinodermata, cnidária.#@||D:chordata, arthropoda, insecta, echinodermata, porífera.#@||E:chordata, arthropoda, arthropoda, echinodermata, cnidaria.#@', '', '', 'O  jogo Pokémon  Go provavelmente  se  inspirou  em  seres  vivos  reais  para  conceber  as  criaturas  que  são colocadas para lutar. Alguns deles, como o “Charmander”, pode ter sido inspirado em uma espécie Andrias davidianus; o “Caterpie“Kakuna”, em pupas de abelhas; o “Starmie”, em uma Os seres vivos que possivelmente inspiraram esses personagens pertencem, respectivame', '31', 15);
INSERT INTO question(id, answer, images, options, subtitle, initial_text, text, number, test_id) values (589, '', '', '||A:Os animais são platelmintos, sendo Hortência e Judite parasitas causadoras de teníase.#@||B:Os  animais  são  nematelmintos,  sendo  Hortência  e  Judite  parasitas  cauteníase.#@||C:Os  animais  são  nematelmintos  e  platelmintos,  respectivamente,  sendo  Hortência  de  vida  livre  e  Juditeparasita causadora de cisticercose.#@||D:Os  animais  são  nematelmintos,  sendo  Hortência  parasita  causadora  de  ascaridíasecausadora de teníase.#@||E:#@', '', '', 'Observe a tirinha para responder à questão a seguir.    Disponível em http://www.vardomirices.com.br/2013_05_01_archive.html A alternativa CORRETA quanto ao(s) filo(s) e às características de vida dos animais dos quadrinhos é:', '32', 15);
INSERT INTO question(id, answer, images, options, subtitle, initial_text, text, number, test_id) values (590, '', '', '||A:I e II#@||B:I e V#@||C:II e III#@||D:III e IV#@||E:IV e V#@', '', '', 'Leia o texto para responder à questão a seguir.    O calor das cidades Com  os  sucessivos  recordes  de  temperatura  registrados  nos  últimos  anos,  o  morador  das  grandes  cidades é um  dos  primeiros  a  sentir  os  efeitos  do  clima mais quente  agravado  pelas  “ilhas  de  calor”,  fenômeno  que  ocorre principalmente nas metrópoles. A concentração de asfalto e concreto, poucas áreas verdes e excesso de poluição atmosférica  favorecem  a  elevação  da  temperatura.  Como  consequência,  os  trabalhos  de  planejamento  urbano passaram a enfrentar o desafio de promover o conforto ambiental. No espaço público, as maiores aliadas são as árvores. Viana, D. - “O calor das cidades”. Disponível em http://revistapesquisa.fapesp.br/2016/08/19/ocalordascidades/. Acessado em 23/8/2016.  Sobre as áreas verdes citadas no texto, analise as proposições a seguir.  I  –  O  aumento  do  número  de  árvores  nas  cidades  está  diretamente  relacionado  ao  aumento  do  número  de pombos que são transmissores de muitas doenças. II  –  A  maior  arborização  auxilia  na  qualidade  do  ar,  pois  as  árvores  liberam  muito  mais  oxigênio  do  que consomem.  III  –  Áreas  verdes  ajudam  a  regular  temperatura  nos  centros  urbanos,  além  de  atraírem  pássaros  e  insetos  que realizam a polinização das flores.  IV – As árvores formam importantes barreiras físicas, minimizando estragos em construções durante tempestades. V – As árvores são organismos fotossintetizantes e acumulam carbono. Por esse motivo, o seu plantio  é a única medida para compensar todas as emissões de gases do efeito estufa.   Assinale a alternativa que contém apenas as afirmações CORRETAS.', '33', 15);
INSERT INTO question(id, answer, images, options, subtitle, initial_text, text, number, test_id) values (591, '', '', '||A:pela diferença de densidade gerada em função do aumento da temperatura da água pelo ambiente.#@||B:pois a água sublima e, após sua liquefação, se adere à superfície externa do copo.#@||C:devido  às  porosidades  existentes  no  vidro,  possibilitando  que  gotículas  de  água  migrem  para  o  lado externo do copo.#@||D:devido aos vapores que saem da superfície da água gelada e se aderem ao lado externo do copo.#@||E:pois são formadas pela condensação dos vapores de água, presentes no ar, em contato com a superfície#@', '', '', 'Quando  se  coloca  água  bem  gelada  em  um  copo,  após  alguns  instantes,  observase  a  formação  de pequenas gotículas de água na superfície externa dele, como se estivesse “suado”.  Em relação a esse evento, é CORRETO afirmar que as gotículas surgem:', '34', 15);
INSERT INTO question(id, answer, images, options, subtitle, initial_text, text, number, test_id) values (592, '', '', '||A:#@||B:#@||C:#@||D:#@||E:#@', '', '', 'A tabela periódica  é o resultado dos trabalhos de muitos cientistas, diante da necessidade de sistematizar  e organizar  os  conhecimentos  adquiridos  sobre   os   elementos  químicos.  Na   tabela  periódica   abaixo,   estão representados   alguns   elementos   químicos,   agrupados de   aquímicas.   A partir da análise da tabela, assinale a alternativa que melhor representa a distribuição eletrônica dos átomos de magnésio e flúor e a representação do composto por eles formado (fluoreto de magnésio).', '35', 15);

INSERT INTO question(id, answer, images, options, subtitle, initial_text, text, number, test_id) values (593, '', '', '||A:Indicar uma suposição, uma situação hipotética ou uma condição para que a personagem procurasse um médico.#@||B:Indicar que não se conhece o sujeito da oração, embora haja alguém a quem o verbo “tratasse” se refira.#@||C:Indicar uma situação em que a personagem não deveria procurar um médico, mas sim, voltar para casa.#@||D:Indicar que o sujeito a quem o verbo “tratasse” se refere é reflexivo, ou seja, quem pratica e sofre a ação do verbo é, ao mesmo tempo, a personagem.#@||E:Indicar  uma  situação  que  acontecerá  no  futuro  próximo,  o  que  mostra  a  necessidade  de  a  personagem#@', '', '', 'Observe a  seguinte  construção do  segundo parágrafo: “Se se tratasse de uma dor no ombro, ou no joelho, ele não hesitaria em procurar o médico”. A repetição da palavra “se” é possível, pois ela possui funções distintas em cada caso, não configurando inadequação à norma padrão.  Assinale  a  alternativa  que  apresenta  adequadamente  a  função  da  primeira  ocorrência  de  “se”  no  trecho reproduzido.', '1', 16);
INSERT INTO question(id, answer, images, options, subtitle, initial_text, text, number, test_id) values (594, '', '', '||A:o  infortúnio  e  a  hombridade  pertencem  ao  tempo  passado,  sendo  que  ambos  se  iniciaram  e  terminaram antes do momento presente.#@||B:o infortúnio é algo do passado que permanece até o momento presente, enquanto a hombridade só existiu no passado.#@||C:o infortúnio aconteceu antes da hombridade, porém ainda não havia terminado, enquanto a hombridade é algo de um passado mais recente, que também continua no presente.#@||D:o infortúnio aconteceu antes de um passado já referido no texto e já se concluiu, enquanto a personagem possuía, no passado, hombridade que se mantém no momento em que a personagem reflete.#@||E:o   infortúnio   e  a   hombridade   ocorreram simultaneamente, e   ambos permanecem   no   presente  da#@', '', '', 'Releia o trecho: “Claro, bem que ele preferia enfrentar, de cabeça erguida, o infortúnio pelo qual passara, sem demonstrações de fraqueza; como dizia seu pai, homem não chora, e ele tinha orgulho da sua hombridade”. Nele  foram  usados  o  pretérito  maisqueperfeito do  indicativo (“passara”) e o pretérito imperfeito do  indicativo (“tinha”), pois:', '2', 16);
INSERT INTO question(id, answer, images, options, subtitle, initial_text, text, number, test_id) values (595, '', '', '||A:O procedimento científico não atinge os objetivos propostos, já que a personagem queria sua lembrança de volta.#@||B:O pesquisador não era confiável, pois disse isso “com um sorriso” e, no  final, a  personagem  sabia  que existia um lugar onde se concentram as lembranças dolorosas.#@||C:A  lembrança  do  pai  faz a  personagem  se  arrepender de  ter  feito  o  procedimento,  por isso  ele procura o médico para relembrar o fato esquecido.#@||D:O texto conclui que todo homem é formado pelos fatos de sua vida e que esquecêlos é negar a si próprio.#@||E:O título do texto é incoerente, pois não há um dilema retratado, já que a personagem se arrepende.#@', '', '', 'Escolha a alternativa que interpreta o texto CORRETAMENTE.', '3', 16);
INSERT INTO question(id, answer, images, options, subtitle, initial_text, text, number, test_id) values (596, '', '', '||A:lembrado.#@||B:pesquisado.#@||C:esquecido.#@||D:feito.#@||E:escondido.#@', '', '', 'Releia este trecho do penúltimo parágrafo do texto: “E só uma pessoa podia lhe dizer o que, afinal, ele tinha olvidado: o pesquisador”. Nele, a palavra que melhor substituiria “olvidado” é:', '4', 16);
INSERT INTO question(id, answer, images, options, subtitle, initial_text, text, number, test_id) values (597, '', '', '||A:uma repetição que é desnecessária ao texto.#@||B:uma repetição que é essencial ao texto, para reforçar os sentidos construídos.#@||C:uma ênfase na palavra “ingredientes”, indicando as características positivas das pessoas.#@||D:uma metáfora, comparando “rótulo” com as características positivas de uma pessoa.#@||E:uma metáfora, comparando “ingredientes” com características negativas das pessoas.#@', '', '', 'Na tirinha, as aspas foram utilizadas para indicar:', '5', 16);
INSERT INTO question(id, answer, images, options, subtitle, initial_text, text, number, test_id) values (598, '', '', '||A:explicação.#@||B:oposição.#@||C:adição.#@||D:contradição.#@||E:alternância.#@', '', '', 'No segundo quadrinho, a palavra “já” constrói o sentido de:', '6', 16);
INSERT INTO question(id, answer, images, options, subtitle, initial_text, text, number, test_id) values (599, '', '', '||A:Ele está junto à janela, ouvindo os trabalhos dos demais vizinhos.#@||B:Seu trabalho não é percebido por quem poderia ser beneficiado por ele.#@||C:Seu trabalho é cansativo, mas ele canta para tentar se alegrar.#@||D:Ele está triste porque o trabalho na fábrica é silencioso.#@||E:Seu trabalho é bater sola de sapatos.#@', '', '', 'Assinale a alternativa que melhor apresenta quem compõe o soneto, de acordo com o poema.', '7', 16);
INSERT INTO question(id, answer, images, options, subtitle, initial_text, text, number, test_id) values (600, '', '', '||A:Metonímia, tendo em vista que o poema seria uma parte da ação do poeta.#@||B:Ambiguidade, tendo em vista que o autor cria um duplo sentido para o poeta.#@||C:Paradoxo, tendo em vista que o trabalho de um poeta é o oposto do trabalho de um operário.#@||D:Metáfora, tendo em vista que há uma comparação implícita entre as duas funções.#@||E:Comparação, tendo em vista que as duas funções são comparadas de forma explícita.#@', '', '', 'O texto trata do ato de fazer poemas (no caso, uma categoria específica de poesia, o soneto). Para trabalhar essa temática, o autor explora a imagem do operário em relação à do poeta. Assinale a alternativa que apresenta a figura de linguagem que constrói essa relação.', '8', 16);
INSERT INTO question(id, answer, images, options, subtitle, initial_text, text, number, test_id) values (601, '', '', '||A:O poema analisa a função do poeta como algo que pode curar a alma daquele que produz poesia.#@||B:De  acordo  com  o  poema, a  atividade  do  poeta  é  igual  à  dos  trabalhadores  mencionados:  um  trabalho braçal e repetitivo.#@||C:Segundo o poema, ser poeta é trabalhar para dar ao outro uma forma de curarse de seus males, físicos ou não.#@||D:O poema analisa a condição do poeta, igual à condição de tantos outros trabalhadores que criam objetos para o consumo das outras pessoas.#@||E:De acordo com o poema, a criação poética é o que permite o sofrimento do menininho sumir, aos poucos.#@', '', '', 'Escolha a alternativa que apresenta uma interpretação adequada ao poema.', '9', 16);
INSERT INTO question(id, answer, images, options, subtitle, initial_text, text, number, test_id) values (602, '', '', '||A:Na minha rua, doente, sonhadoramente.#@||B:Em frente, napolitana, pouco a pouco.#@||C:Nesta rua, triste, silenciosamente.#@||D:Para a escola, gradativamente, agora.#@||E:Doente, sonhadoramente, silenciosamente.#@', '', '', 'Advérbios  são  palavras  que  modificam  o  sentido  de  um  verbo,  de um  adjetivo  ou  de  outro  advérbio, exprimindo  uma  circunstância  (de  modo,  de  negação,  de  finalidade,  entre  outras).  Ao  criar  o  soneto,  Mário Quintana  utilizouse  de  vários  advérbios  para  melhor  expressar  seu  ponto  de  vista.  Assinale  a  alternativa  que contém  apenas  palavras  ou  expressões  do  texto  que  exercem  a  função  de  advérbio  (todas  estão  grifadas  no texto).', '10', 16);
INSERT INTO question(id, answer, images, options, subtitle, initial_text, text, number, test_id) values (603, '', '', '||A:uma notícia, que apresenta um acontecimento, e uma síntese, que apresenta uma obra literária.#@||B:uma  notícia,  que  apresenta  um  acontecimento,  e  uma  resenha,  que  apresenta  e  argumenta  sobre  uma obra literária.#@||C:uma  resenha,  já  que  apresenta  e  argumenta  sobre  uma  obra  literária,  indicando  seus  personagens,  o enredo e as circunstâncias em que se passa.#@||D:uma reportagem, já que apresenta um acontecimento e defende o ponto de vista do autor sobre ele.#@||E:um conto, já que é construído a partir de fatos fictícios, apresentando um enredo que não corresponde à#@', '', '', 'Sobre o texto apresentado, podese afirmar que ele é composto por:', '11', 16);
INSERT INTO question(id, answer, images, options, subtitle, initial_text, text, number, test_id) values (604, '', '', '||A:estudo#@||B:discussão#@||C:leitura#@||D:Lei#@||E:remição#@', '', '', 'No texto, a palavra “cizânia”, mencionada no segundo parágrafo, é substituída, na sequência, por qual termo?', '12', 16);
INSERT INTO question(id, answer, images, options, subtitle, initial_text, text, number, test_id) values (605, '', '', '||A:quintafeira#@||B:sextafeira#@||C:sábado#@||D:domingo#@||E:segundafeira#@', '', '', 'Hoje é domingo. A cerimônia de abertura das Olimpíadas do Rio de Janeiro 2016 ocorrerá daqui a 243 dias. Em que dia da semana isso ocorrerá?', '13', 16);
INSERT INTO question(id, answer, images, options, subtitle, initial_text, text, number, test_id) values (606, '', '', '||A:1500 candidatos.#@||B:2100 candidatos.#@||C:2700 candidatos.#@||D:3900 candidatos.#@||E:4500 candidatos.#@', '', '', 'Dos 6000 candidatos  que  realizaram  os  exercícios  propostos  em  um  concurso  público, 2500 acertaram  o primeiro e 3000 acertaram o segundo. Sabendo que o número de candidatos que acertou ambos os exercícios é igual à metade daqueles que erraram os dois, quantos acertaram apenas um dos dois exercícios?', '14', 16);
INSERT INTO question(id, answer, images, options, subtitle, initial_text, text, number, test_id) values (607, '', '', '||A:-80,00#@||B:+80,00#@||C:0,00#@||D:-150,00#@||E:+150,00#@', '', '', 'Marcos comprou duas bicicletas. Vendeu uma para Gabriela por R$600,00, o que lhe trouxe um prejuízo de 25%,  e  a  outra  para  Ana,  também  por  R$600,00,  o  que  lhe  deu  um  lucro  de 25%.  Qual  foi  seu  saldo  final,  em reais?', '15', 16);
INSERT INTO question(id, answer, images, options, subtitle, initial_text, text, number, test_id) values (608, '', '', '||A:72 km#@||B:80 km#@||C:84 km#@||D:90 km#@||E:96 km#@', '', '', 'João fez uma viagem de carro entre as cidades A e B. Na ida, usou apenas álcool no tanque e seu carro fez 6 km  por  litro.  Na  volta,  apenas  com  gasolina  no  tanque,  fez 8 km  por  litro.  No  total,  João  gastou 28 litros  de combustível nessa viagem. Qual é a distância entre as cidades A e B?', '16', 16);
INSERT INTO question(id, answer, images, options, subtitle, initial_text, text, number, test_id) values (609, '', '', '||A:#@||B:#@||C:#@||D:#@||E:#@', '', '', 'O  perímetro  de  uma  quadra retangular de  vôlei  é 54 m,  sendo  que  a  rede  a  divide  em  dois  quadrados  de mesma medida. Com essas informações, a medida, em metros, de uma diagonal da quadra é:', '17', 16);
INSERT INTO question(id, answer, images, options, subtitle, initial_text, text, number, test_id) values (610, '', '', '||A:400#@||B:417#@||C:418,86#@||D:420,72#@||E:422,84#@', '', '', 'A figura a seguir é o esboço de uma pista de atletismo, com cinco raias de 60 cm de largura cada. As raias são  delimitadas  por  segmentos  de  retas  e  semicircunferências  concêntricas,  sendo  que  a  raia  em  destaque  na figura a seguir circunscreve um campo de futebol de 70 m por 100 m.  O  comprimento  de  uma  raia  é definido  como  sendo o perímetro  da linha  que  dista 30 cm  das  laterais  de tal raia. Assim, o comprimento, em metros, da raia destacada é (utilize      ):', '18', 16);
INSERT INTO question(id, answer, images, options, subtitle, initial_text, text, number, test_id) values (611, '', '', '||A:17#@||B:19#@||C:22#@||D:25#@||E:28#@', '', '', 'A  idade  média  das 7 jogadoras  de  handebol  de  uma  seleção  era  de 27 anos. Ao  substituir  sua  goleira  por outra jogadora de 33 anos, a idade média passou a ser de 29 anos. A idade, em anos, da goleira substituída é:', '19', 16);
INSERT INTO question(id, answer, images, options, subtitle, initial_text, text, number, test_id) values (612, '', '', '||A:#@||B:#@||C:#@||D:#@||E:#@', '', '', 'Desenvolvendo  o  polinômio    –    ,  obtemos  como  resultado                  ,  com  ,   e    números reais. Qual o valor da expressão      ?', '20', 16);
INSERT INTO question(id, answer, images, options, subtitle, initial_text, text, number, test_id) values (613, '', '', '||A:#@||B:#@||C:#@||D:#@||E:#@', '', '', 'Considere   a   expressão   numérica            ,   onde   reticências   denota   que   esse   processo   continua indefinidamente. Uma técnica para calcular o valor de tal expressão é a seguinte: 1º) Dê um nome para a expressão, por exemplo,  . Assim,                  ; 2º)  Substitua   na  própria expressão  numérica;  será  obtida,  portanto, a  equação        ,  que  é equivalente  a         . Resolvendo  a  equação  acima,  serão  encontrados  os  valores          ou          .  Como  a  expressão numérica é formada apenas por somas de números positivos, temos que          é o valor da expressão, isto é:  Com auxílio do exemplo acima, o valor numérico da expressão numérica             é:', '21', 16);
INSERT INTO question(id, answer, images, options, subtitle, initial_text, text, number, test_id) values (614, '', '', '||A:10#@||B:8#@||C:6#@||D:4#@||E:2#@', '', '', 'Em uma prova de 30 questões para assinalar Verdadeiro ou Falso, o candidato ganha 4 pontos por questão correta e perde 1 ponto por questão errada. O candidato também pode optar por não responder à questão. Nesse caso, ele não ganha nem perde pontos. Se nessa prova um candidato fez 82 pontos e o número de questões que ele não respondeu foi igual a um terço das questões que ele acertou, quantas questões o candidato errou?', '22', 16);
INSERT INTO question(id, answer, images, options, subtitle, initial_text, text, number, test_id) values (615, '', '', '||A:#@||B:#@||C:#@||D:#@||E:#@', '', '', 'Qual é a área do triângulo ABC?', '23', 16);
INSERT INTO question(id, answer, images, options, subtitle, initial_text, text, number, test_id) values (616, '', '', '||A:0#@||B:2#@||C:4#@||D:6#@||E:8#@', '', '', 'Realizando a adição                                       , qual é o último algarismo (algarismo das unidades) do número  ?', '24', 16);
INSERT INTO question(id, answer, images, options, subtitle, initial_text, text, number, test_id) values (617, '', '', '||A:com potência calorífica constante, ela sofre uma elevação de temperatura, sem mudar de estado físico. Após certo tempo de permanência no interior do forno, em relação às dimensões dos lados da placa e do diâmetro do orifício, é CORRETO afirmar que: a) os lados da placa e o diâmetro do orifício aumentaram.#@||B:os lados da placa aumentaram e o diâmetro do orifício diminuiu.#@||C:os lados da placa aumentaram e o diâmetro do orifício não mudou.#@||D:as dimensões dos lados da placa não mudaram, porém o diâmetro do orifício diminuiu.#@||E:as dimensões dos lados da placa não mudaram, porém o diâmetro do orifício aumentou.#@', '', '', 'Uma placa metálica quadrada que está à temperatura ambiente tem lados medindo L e um orifício circular de diâmetro d, conforme a figura abaixo.  Quando essa placa é colocada em um forno (bem maior que a plac', '25', 16);
INSERT INTO question(id, answer, images, options, subtitle, initial_text, text, number, test_id) values (618, '', '', '||A:deslocamento, velocidade e energia.#@||B:velocidade, força e potência.#@||C:força, energia e potência.#@||D:velocidade, aceleração e energia.#@||E:deslocamento, aceleração e força.#@', '', '', 'Observe a figura abaixo:  Imagem: http://www.destakjornal.com.br/noticias/diversaoarte /maisengracadodoquemalvado-69484/ Acesso em 12/08/2015. O vilão do desenho animado “Meu Malvado Favorito” escolheu ser conhecido por "Vetor", nome de um símbolo matemático, que é também utilizado em Física, para representar as grandezas vetoriais. Por definição, grandezas vetoriais são aquelas que necessitam, para a sua especificação completa, de direção e sentido, além de um valor numérico. São exemplos de grandezas vetoriais:', '26', 16);
INSERT INTO question(id, answer, images, options, subtitle, initial_text, text, number, test_id) values (619, '', '', '||A:se a lâmpada L4 queimar, as outras lâmpadas acenderão com brilho maior.#@||B:se a lâmpada L3 queimar, a lâmpada L4 não irá acender e L1 e L2 acenderão com brilho maior.#@||C:se  a  lâmpada  L2  queimar,  as  lâmpadas  L3  e  L4  não  acenderão  e  a lâmpada  L1  irá  acender  com  brilho maior.#@||D:se qualquer uma das lâmpadas queimar, as outras acenderão com brilho maior.#@||E:se qualquer uma das lâmpadas queimar, nenhuma das outras acenderá.#@', '', '', 'Para iluminar uma pequena árvore de Natal, um estudante montou um circuito elétrico de acordo com a figura abaixo.   O  circuito  é  composto  por  4  lâmpadas  idênticas  (L1,  L2,  L3  e  L4),  pedaços  de  fios  condutores  e  uma  fonte  de energia elétrica capaz de fornecer energia suficiente para as 4 lâmpadas acenderem juntas, com o brilho normal. É CORRETO afirmar que:', '27', 16);
INSERT INTO question(id, answer, images, options, subtitle, initial_text, text, number, test_id) values (620, '', '', '||A:Cálice#@||B:Corola#@||C:Pedúnculo#@||D:Gineceu#@||E:Androceu#@', '', '', '“Atualmente,  são  conhecidas  cerca  de  350  mil  espécies  de  plantas - desse  total,  mais  de  250  mil  são angiospermas. A   palavra   angiosperma   vem   do   grego angeios,   que   significa   'bolsa',   e sperma,   'semente'.   Essas   plantas representam o grupo mais variado em número de espécies entre os componentes do reino Plantae ou Metaphyta. As flores podem ser vistosas tanto pelo colorido quanto pela forma; muitas vezes também exalam odor agradável e  produzem  um  líquido  açucarado - o néctar - que  serve  de  alimento  para  as  abelhas  e  outros  animais.  Há também flores que não têm peças coloridas, não são perfumadas e nem produzem néctar.” Fonte: http://www.sobiologia.com.br/conteudos/Reinos4/angiospermas.php; Acesso: 23/08/2015  Considerandose o texto sobre o grupo vegetal das angiospermas e seu conhecimento sobre o assunto, assinale a alternativa que indica o termo floral no qual se encontra a estrutura das angiospermas onde é originado o grão de pólen.', '28', 16);
INSERT INTO question(id, answer, images, options, subtitle, initial_text, text, number, test_id) values (621, '', '', '||A:Estômago, duodeno, faringe e boca#@||B:Estômago, traqueia, faringe e boca#@||C:Estômago, esôfago, faringe e boca#@||D:Duodeno, estômago, esôfago e boca#@||E:Duodeno, traqueia, faringe e boca#@', '', '', 'Leia atentamente a tirinha a seguir.  Fonte: Folha de São Paulo; 31/07/2015 O arroto, nome vulgar dado para eructação, consiste na liberação do ar engolido ou de gás carbônico produzido no estômago, e é frequentemente acompanhada de som característico. Assinale a alternativa que descreve CORRETAMENTE o caminho percorrido pelo arroto em um humano.', '29', 16);
INSERT INTO question(id, answer, images, options, subtitle, initial_text, text, number, test_id) values (622, '', '', '||A:a Amazônia é o “pulmão” do mundo, visto que supre a necessidade de oxigênio de todo o planeta.#@||B:a  vegetação  da  Amazônia  transforma  gás  carbônico  em  oxigênio,  contribuindo  para  o  sequestro  de carbono e diminuindo problemas das alterações climáticas globais.#@||C:a  Amazônia  apresentase  como um  ponto  de  elevada  biodiversidade  e  seus  vegetais  contribuem,  pela transpiração, com a liberação de água para a atmosfera, que depois pode precipitar na forma de chuva.#@||D:o desmatamento seguido de queimadas aumenta o consumo de gás carbônico da atmosfera, elevando os problemas relacionados às alterações climáticas globais.#@||E:o  desmatamento  reduz  a  liberação  de  oxigênio  pela  Amazônia  e  de  fixação  de  gás  carbônico  pela#@', '', '', 'Segundo  dados  do Instituto Nacional  de  Pesquisas  Espaciais  (INPE),  órgão  do  Ministério  da  Ciência, Tecnologia  e Inovação  (MCTI),  houve  uma  redução  da  taxa  de  desmatamento  da  Amazônia  legal  no  último período avaliado (agosto de 2013 a julho de 2014) de cerca de 15%. Contudo, o desmatamento continua sendo uma preocupação constante, porque:', '30', 16);
INSERT INTO question(id, answer, images, options, subtitle, initial_text, text, number, test_id) values (623, '', '', '||A:apenas I.#@||B:apenas II.#@||C:apenas III.#@||D:apenas II e III.#@||E:I, II e III.#@', '', '', '"Contase  que,  um  dia,  um  gafanhoto  encontrouse  com  uma  centopeia  que  descansava  no  meio  da folhagem. - Dona Centopeia, eu tenho pela senhora a maior admiração. Deus TodoPoderoso me deu apenas seis pernas.  Para a senhora, ele deu cem. Assombrame a elegância tranquila do seu andar. Todas se movem na ordem certa. Jamais vi uma centopeia tropeçar. Mas, por isso mesmo, tenho uma curiosidade: quando a senhora vai começar a andar, qual é a perna que  a senhora mexe primeiro? - Obrigada pelos elogios, senhor Gafanhoto - respondeu a Centopeia. - Sua pergunta é muito interessante porque eu mesma, até hoje, nunca pensei no assunto. Sempre andei sem pensar. Perdoe minha ignorância. Jamais fui à escola  do  andar  certo.  Não  fui  conscientizada.  Andei  sempre  um  andar  ignorante.  Mas  agora  vou  prestar atenção... Contase que, desde esse dia, a Centopeia ficou paralítica." Fonte: Trecho do livro "Do Universo à Jabuticaba”, de Rubem Alves  Quanto ao gafanhoto e à centopeia, considere as seguintes afirmativas: I- Ambos são insetos, pois possuem cabeça, tórax e abdômen. II- Eles são artrópodos, pois possuem patas articuladas. III- Ambos possuem esqueleto externo.   As afirmativas CORRETAS sobre os animais citados são:', '31', 16);
INSERT INTO question(id, answer, images, options, subtitle, initial_text, text, number, test_id) values (624, '', '', '||A:encéfalo e medula espinhal.#@||B:medula espinhal e nervos espinhais.#@||C:nervos cranianos e encéfalo.#@||D:medula espinhal e nervos cranianos.#@||E:nervos cranianos e nervos espinhais.#@', '', '', 'O  sistema  nervoso,  um  dos  mais  complexos  e  importantes  do  nosso  organismo,  é  responsável  pelos estímulos  internos  e  externos,  este  último  através  dos  sentidos.  O  comando  das  ações  cerebrais  é  dado  pelo sitema nervoso central (SNC) e sobre o SNC podemos afirmar que ele dividido anatomicamente em:', '32', 16);
INSERT INTO question(id, answer, images, options, subtitle, initial_text, text, number, test_id) values (625, '', '', '||A:Tecido, órgão, indivíduo e ecossistema#@||B:Comunidade, população e ecossistema#@||C:Indivíduo, órgão, tecido e célula#@||D:Indivíduo, célula e ecossistema#@||E:Órgão, tecido, indivíduo e comunidade#@', '', '', 'Os  diversos  níveis  de  organização  biológica são:  célula,  tecido,  órgão,  indivíduo,  comunidade,  população  e ecossistema. Qual é a alternativa que apresenta os níveis de organização estudados na ecologia?', '33', 16);
INSERT INTO question(id, answer, images, options, subtitle, initial_text, text, number, test_id) values (626, '', '', '||A:No tanque de floculação, as partículas sólidas são dissolvidas por um aditivo químico para serem filtradas.#@||B:Na etapa de decantação, os flocos de sujeira, sendo mais densos que a água, descem  para o fundo do tanque.#@||C:A  etapa  de  desinfecção  consiste  em  adicionar substâncias  que  facilitem  o  processo  de  evaporação  da água para ser melhor purificada.#@||D:A etapa de filtração é necessária para eliminar as bactérias nocivas à saúde e para proteger o esmalte dos dentes.#@||E:A  adição  de  produtos  químicos  será  utilizada  apenas  na época  das  chuvas,  devido  às  águas  dos  rios#@', '', '', 'Para que a população possa utilizar água para as suas mais diversas finalidades, além do consumo humano, são aplicados diversos procedimentos, desde a captação em uma represa até o tratamento completo na estação de tratamento de água (ETA), conforme representa o esquema abaixo.        Fonte: https://www.google.com.br/search?q=esta%C3%A7%C3%A3o+de+tratamento+de+%C3%A1gua&espv; Acesso: 23/08/2015 Assinale a alternativa CORRETA.', '34', 16);
INSERT INTO question(id, answer, images, options, subtitle, initial_text, text, number, test_id) values (627, '', '', '||A:o carbonato de sódio e a cal são sais.#@||B:o fluoreto de sódio e o carbonato de sódio são sais.#@||C:o hidróxido de magnésio e a cal são ácidos.#@||D:o gás carbônico e o fluoreto de sódio são óxidos.#@||E:o hidróxido de magnésio e o gás carbônico são bases.#@', '', '', 'Várias  tarefas  do  nosso  cotidiano  envolvem  a  utilização  de  compostos  químicos.  O  carbonato  de  sódio, Na2CO3,  é  um  dos  componentes  do  fermento  químico  empregado  como  ingrediente  dos bolos.  Uma  solução  de hidróxido  de  magnésio,  Mg(OH)2, conhecida como “leite de magnésia”, é utilizada para aliviar sintomas de azia. Refrigerantes e  água  mineral  gaseificada  contêm  gás  carbônico,  CO2.  A  adição  de  fluoreto  de  sódio,  NaF,  a um creme  dental  fortalece  o  esmalte  dos  dentes  e  consequentemente    previne  as  cáries.  A  cal,  CaO,  é  aditivo  no preparo  de  argamassas  e  no  assentamento  de  tijolos.  Com  relação  aos  compostos  citados  no  texto,  podese afirmar que:', '35', 16);

